company,avg_salary($),salary_type
A.B._Data%2C_Ltd.,N/A,year
A-Tech,20,hour
A_Wireless,N/A,year
A_%26_A_Telecom,83,year
A_%26_T_Systems,N/A,year
A10_Networks,118,year
A2_Hosting,N/A,year
A3,N/A,year
A3_Communications,N/A,year
AAA_Alarms,N/A,year
AASKI_Technology,95,year
ABC_Software,N/A,year
ABCD_Inc.,88,year
ABS_Technology_Architects,N/A,year
AC_Nielsen_Corp,91,year
ACET,81,year
ACGI_Software,N/A,year
ACI_Worldwide%2C_Inc.,98,year
ACN,93,year
ACS_Technologies,61,year
ADA_S._Mckinley,N/A,year
ADESA_Corporation,76,year
ADNET_Systems%2C_Inc.,N/A,hour
ADP_Canada_Co.,N/A,year
ADP_Dealer_Services,N/A,year
ADT_Security_Services%2C_Inc.,74,year
AER_Worldwide,N/A,hour
AFL_Network_Services,N/A,year
AFL_Telecommunications_LLC,81,year
AFS_Technologies,N/A,year
AGDATA,70,year
AIDC,N/A,year
AIS,68,year
ALK_Technologies,61,year
ALLO_Communications,18,hour
AM_Broadband,N/A,year
AMAX,74,year
AMTdirect,78,year
AOS,N/A,hour
API_Healthcare,N/A,year
APTTUS,105,year
ARI_Network_Services,45,year
ARMA_International,N/A,year
ARRIS_Group%2C_Inc.,93,year
AS_Logistics,N/A,year
ASI_System_Integration,N/A,year
ASM_Research%2C_Inc.,73,year
ASRC,78,year
AT_Conference,N/A,hour
AT_Systems%2C_Inc.,N/A,year
AT%26T_Inc.,96,year
AT%26T_Mobility_LLC,77,year
ATEB,N/A,year
ATMC,N/A,year
ATS_Services,21,hour
ATSI_Group,N/A,year
AVEVA_Solutions_Ltd,90,year
Aac%2C_Inc.,N/A,year
Abacus_Corporation,N/A,year
Abacus_Solutions_Group,N/A,year
Abacus_Technology_Corporation,N/A,year
Abbtech,N/A,hour
Abc_Financial,67,year
Abila%2C_Inc.,63,year
About.Com,N/A,year
Absolute_Software_Corporation,N/A,year
Accela%2C_Inc.,101,year
Accelera_Solutions,N/A,year
Accenture,97,year
Accenture_Technology_Solutions,106,year
Access_Data_Corp,N/A,year
Access_One_Inc.,N/A,year
Access_Systems%2C_Inc.,N/A,year
Acclaris,N/A,year
Accretive_Health_Inc,73,year
Accruent,72,year
Accudata,92,year
Accuity,89,year
Achieve_Internet,68,year
Achieve3000,73,year
Acom_Solutions_Inc,N/A,year
Acquia,96,year
Acronis,67,year
Acs_-_Inc,76,year
Act-On_Software%2C_Inc.,N/A,year
Actavo,N/A,hour
ActioNet%2C_Inc.,89,year
Actiontec_Electronics,N/A,year
Active.com,N/A,year
ActiveState,N/A,year
Activision%2C_Inc.,105,year
Acuity_Consulting%2C_Inc.,N/A,year
Acumen_LLC,67,year
Acumen_Solutions,91,year
Acxiom_Corporation,83,year
Acxiom_Digital,N/A,year
Ad_Astra_Information_Systems,71,year
AdRoll,108,year
Ada_County,20,hour
Adacel_Inc.,N/A,year
Adage_Technologies,85,year
Adams_Media,N/A,year
Adaptive_Planning,90,year
Addeco,N/A,hour
Adecco,17,hour
Adecco_Technical,N/A,hour
Adecco_Usa,64,year
Aderant,74,year
Aditi_Technologies_Ltd,N/A,year
Aditya_Birla_Minacs,N/A,hour
Admarketplace,N/A,year
Administrative_Office_of_Courts,63,year
Adnet_Technologies%2C_Inc,N/A,year
Adobe_Associates%2C_Inc.,86,year
Adobe_Systems_Incorporated,121,year
Adtran_Inc,78,year
Adva_Optical_Networking_Ltd,N/A,year
Advanced_Acoustic_Concepts%2C_Inc.,N/A,year
Advanced_Business_Solutions,N/A,year
Advanced_Business_Systems,N/A,hour
Advanced_C4_Solutions,N/A,year
Advanced_Health_Media,N/A,year
Advanced_Network_Solutions,N/A,year
Advanced_Systems_Design,N/A,hour
Advanced_Systems_Development,N/A,year
Advanced_Systems_Group,N/A,year
Advanced_Technical_Solutions,N/A,year
Advanced_Technology_Group,73,year
Advanced_Technology_Services%2C_Inc.,62,year
Advanced_Tower,N/A,year
Advancedmd,N/A,year
Advantage_Engineers%2C_LLC,62,year
Advent,25,hour
Advent_Software%2C_Inc.,N/A,year
Adventist_Health_Systems,69,year
Advertising_Specialty_Institute%2C_Inc,60,year
Advice_Company,N/A,year
Advice_Interactive_Group,N/A,year
Aero_Tek,20,hour
Afni%2C_Inc.,14,hour
Ag_Technologies,N/A,year
Age_of_Learning_Inc.,98,year
Agfa-Gevaert_Ltd.,N/A,year
Agile_Sports_Technologies%2C_Inc.,61,year
AgileAssets,N/A,year
AgileThought,100,year
Agility_Recovery_Solutions,80,year
Agilysys_Corporation,N/A,year
Agio,N/A,year
Agora_Publishing%2C_Inc.,63,year
AgreeYa,N/A,year
Ahead,76,year
Air_Worldwide_Corp,87,year
AirWatch,N/A,year
Airbiquity,N/A,year
Airbnb,115,year
Airlines_Reporting_Corporation,N/A,year
Airspan_Networks,N/A,year
Airware,N/A,year
Akamai_Technologies,120,year
Akima_Corporation,83,year
Aktion_Associates%2C_Inc.,N/A,year
Alarm.Com_Inc,85,year
Alcatel,N/A,year
Alcatel_USA,N/A,year
Alchemy_Systems,N/A,year
Alcohol_Monitoring_Systems,N/A,year
Alert_Logic,N/A,year
Alexander_Open_Systems,N/A,year
Alion_Science_and_Technology_Corporation,88,year
All_Copy_Products,N/A,year
All_Covered%2C_Inc.,80,year
All_Native_Systems,N/A,year
Allconnect%2C_Inc.,72,year
Alldata_LLC,N/A,year
Allegiant_Global_Services%2C_LLC,N/A,year
Allegro_Development,N/A,year
Alliance_Data_Systems,81,year
Alliance_Enterprises,N/A,hour
Alliance_Global_Services,N/A,year
Alliant_Technologies,N/A,year
Allied_Business_Systems,N/A,year
Allied_Digital_Services,N/A,hour
Allrecipes.Com,94,year
Allscripts_Healthcare_Solutions,84,year
Allscripts%2C_Inc.,94,year
Allyis_Inc.,56,year
Alorica%2C_Inc.,13,hour
Alpha_Technologies%2C_Inc.,N/A,year
Alphanumeric_Systems_Inc,N/A,hour
Alpine_Technology_Group,N/A,year
Altair,77,year
Altair_Engineering%2C_Inc.,92,year
Altamira,71,year
Altarum_Institute,N/A,year
Alteryx,130,year
Altimetrik%2C_Inc,74,year
Altisource,N/A,year
Altum_Inc.,93,year
Alutiiq%2C_Llc.,25,hour
Alvarez_Technology_Group,N/A,year
AmTote_International%2C_Inc.,N/A,year
Amadeus,93,year
Amadeus_Consulting,N/A,year
Amadeus_International_Inc,N/A,year
Amag_Technology,N/A,year
Amazing_Charts.com,N/A,year
Amazon.com_Inc,100,year
Amber_Road,74,year
Amdocs%2C_Inc%2C.,109,year
Amee_Bay,N/A,hour
Amelex,N/A,year
American_Megatrends_Inc,N/A,year
American_Psychological_Association,75,year
American_Software%2C_Inc.,N/A,year
American_Systems_Corporation,91,year
American_Technology_Services,N/A,year
American_Telephone_and_Telegraph_Company,88,year
American_Tower_Corporation,84,year
American_Traffic_Solutions,86,year
American_Well,96,year
Americaneagle.Com,69,year
Americom,N/A,year
Ameridial,N/A,hour
Ampcus,N/A,year
Amyx,91,year
An_Post,N/A,hour
Analytical_Graphics%2C_Inc,101,year
Anaqua,82,year
Ancestry.com,107,year
Anchor_Computer,N/A,year
Ancor_Information_Management,N/A,year
Andesa_Services,61,year
Anexinet_Technology,N/A,year
Anexio,N/A,year
Angie%27s_List,95,year
Annese_%26_Associates,67,year
Anonymous_Company,82,year
Answernet_Incorporated,N/A,hour
Ansys_Incorporated,93,year
Antech,N/A,year
Anything_Wireless,N/A,hour
Aol%2C_LLC,93,year
Apcon,N/A,year
Apex_Advertising,N/A,year
Apex_Analytix_Inc,88,year
Apex_Consultants,N/A,hour
Apex_Learning_Inc,73,year
Apex_Software,N/A,year
Apex_Systems,24,hour
Apex_Systems%2C_Inc.,31,hour
Apogee,85,year
AppDynamics,121,year
AppFolio%2C_Inc.,80,year
AppNexus,102,year
AppRiver,72,year
Appian_Corporation,100,year
Apple_Computer%2C_Inc,133,year
Apple_Marketing,N/A,year
Applexus,N/A,year
Applicant_Insight,N/A,year
Applied_Imaging_Corp.,49,year
Applied_Information_Sciences%2C_Inc,102,year
Applied_Predictive_Technologies,89,year
Applied_Research_Associates%2C_Inc._(ARA),88,year
Applied_Systems%2C_Inc.,79,year
Applied_Technical_Systems%2C_Inc.,N/A,hour
Applied_Technology_Group,N/A,year
Apprio,N/A,year
Appriss%2C_Inc.,81,year
Apptio,90,year
Aprimo%2C_Inc.,N/A,year
Apriori,N/A,year
Aptean,70,year
Aptera_Software,N/A,year
Aptify,N/A,year
Aptima,N/A,year
Apto_Solutions,N/A,year
Aquent%2C_LLC,80,year
Arbitration_Forums,N/A,year
ArborMetrix,84,year
Arcadia_Solutions,95,year
Archway_Technology_Partners,52,year
Arena_Solutions,N/A,year
Arete_Associates,99,year
Arete_Inc,N/A,year
Argo_Data_Corporation,N/A,year
Argosy_Publishing,N/A,year
Ariba%2C_Inc.,N/A,year
Aricent_Inc,N/A,year
Arista_Networks,117,year
Arkadium,N/A,year
Armstrong_Cable,N/A,year
Armstrong_Group_of_Companies,N/A,year
Army_National_Guard,76,year
Array_Healthcare_Facilities_Solutions,68,year
Array_Information_Technology,N/A,year
Arrow,64,year
Arrow_Electronics_Inc,83,year
Artech_Information_System_LLC,24,hour
Artel%2C_Inc.,N/A,year
Aruba_Networks,113,year
Arvato_Digital_Services%2C_Llc.,65,year
Arvig_Communication_Systems,24,hour
Ascendum,80,year
Ascentis_Corporation,62,year
Ask.Com,N/A,year
Aspect_Software_Inc,91,year
Aspect_Telecommunications,N/A,year
Aspen_Systems,N/A,year
Aspen_Technology%2C_Inc.,93,year
Aspera,N/A,year
Aspire_Systems,N/A,year
Aspyr,N/A,year
Asrc_Federal_Holding_Company,77,year
Asset_Works,N/A,year
Assurance_Technology,N/A,year
Assyst,N/A,year
Astea_International,N/A,year
Astound,84,year
Astute_Solutions,N/A,year
Asure_Software,88,year
Asurion_Corporation,83,year
Asurion_Insurance_Services%2C_Inc,85,year
Asynchrony,94,year
Asynchrony_Solutions,77,year
Atalanta,N/A,year
Athena_HealthCare%2C_Inc.,25,hour
Athenahealth%2C_Inc.,92,year
Atlantic_Broadband,18,hour
Atlantic_Media_Company,71,year
Atlas_Technologies_Inc,96,year
Atlassian,121,year
Atomic_Object_LLC,36,hour
Atos_Origin,93,year
Atpco,N/A,year
Attain_LLC,82,year
Atto_Technology,N/A,year
Auction.com,104,year
Audacious_Inquiry,N/A,year
Audatex,N/A,hour
Audible%2C_Inc.,111,year
AudienceView,N/A,year
Audio_Visual_Innovations%2C_Inc.,N/A,hour
Audiocodes_Ltd.,66,year
Author-it,N/A,year
Auto%2FMate,N/A,year
AutoLoop_LLC,51,year
Autodata_Solutions_Company,N/A,year
Autodesk%2C_Inc.,113,year
Automated_Media%2C_Inc.,N/A,hour
Automatic_Data_Processing%2C_Inc._(ADP),89,year
Automation_Anywhere,127,year
Autotask,N/A,year
Autotraders.Com,94,year
Avaap,131,year
Avail_Technologies%2C_Inc.,N/A,year
Availity%2C_LLC,84,year
Avalara,95,year
Avanade_Corporation,101,year
Avantas,N/A,year
Avatar,N/A,hour
Avaya%2C_Inc.,100,year
AvePoint,73,year
Averoinc,N/A,year
Avi-Spl%2C_Inc,86,year
Aviat_Networks,89,year
Avid%2C_Inc.,N/A,year
Avid_Technology%2C_Inc.,84,year
AvidXchange,86,year
Avigilon,75,year
Avionte,76,year
Avnet_Inc.,87,year
Avtex_Inc.,76,year
Avvo_Inc.,57,year
Aware%2C_Inc.,64,year
Axcient,N/A,year
Axiom,77,year
Axiom_Staffing_Group,N/A,year
Axispoint,N/A,year
Axway_Inc.,90,year
Azul_Systems,N/A,year
a_la_Mode,N/A,year
B-Line_Medical,81,year
B2B_Software_Technologies,N/A,year
BAE_Industries,N/A,year
BAE_Systems_Inc.,97,year
BANC3,N/A,year
BCD_Travels,61,year
BCI_Communications_Inc.,N/A,year
BI_Worldwide_Ltd,79,year
BITS,N/A,year
BMC_Software%2C_Inc.,100,year
BOSH_Global_Services,N/A,year
BST_Global,N/A,year
BT_Americas_Inc.,N/A,year
BT_Group,N/A,year
BTAS%2C_Inc.,N/A,year
BWM_Group,N/A,year
Backstop,N/A,year
Bahwan_Cybertek_Inc,N/A,year
Bailiwick,70,year
Baker_Hill_Corporation,N/A,year
Baldwin_Hackett_%26_Meeks,N/A,year
Bally_Technologies%2C_Inc.,N/A,year
Baltimore_County_Government,N/A,year
Bandwidth.Com,77,year
Banjo_Corporation,N/A,hour
Banker%27s_Toolbox,94,year
Barracuda_Networks,85,year
Baxter_Planning_Systems,N/A,year
Baycom,N/A,hour
Bayshore_Solutions,N/A,year
Bazaarvoice%2C_Inc.,85,year
Beacon_Hill_Staffing,52,year
Bearcom,21,hour
Beeline,N/A,year
Belden_Communications_Division,N/A,year
Bell_Canada,N/A,year
Bell_Techlogix,20,hour
Bellsouth_Telecommunications%2C_Inc._(BST),N/A,hour
Benefitfocus,78,year
Benefitfocus.Com%2C_Inc.,74,year
Benetech_Inc.,N/A,year
Bentley_Systems%2C_Incorporated,85,year
Berkley_Technology_Services%2C_Llc.,N/A,year
Beta_Tech,N/A,year
Bethesda_Softworks,77,year
Bexar_County,48,year
Big_Fish_Games%2C_Inc.,104,year
Big_Nerd_Ranch,N/A,year
BigCommerce,94,year
Billtrust,84,year
Binary_Tree,N/A,year
BioClinica,76,year
Birch_Communications,62,year
Birlasoft_Ltd.,92,year
Birst,N/A,year
Biscom_Inc,N/A,year
Bit-Wizards,N/A,year
BitWise,N/A,year
BizLibrary,56,year
Bla_Bla_Bla,79,year
Black_Box_Corporation,76,year
Black_Knight_Financial_Services,82,year
Black_Mountain_Systems,N/A,year
BlackBerry_Limited,105,year
BlackLine_Systems,117,year
Blackbaud%2C_Inc.,80,year
Blackboard%2C_Inc.,79,year
Blackbox,N/A,year
Blackfoot_Communications,N/A,year
Blank,77,year
Blizzard_Corporation,N/A,year
Blizzard_Entertainment,100,year
Bloomberg_LP,111,year
Blue_Coat_Systems%2C_Inc.,N/A,year
Blue_Corona,N/A,year
Blue_Horseshoe_Solutions,73,year
Blue_Ridge_Communications,N/A,year
Blue_Water_Media,N/A,year
BlueJeans_Network%2C_Inc.,109,year
BlueVolt,64,year
Bluegrass_Cellular,12,hour
Bluehost%2C_Inc,N/A,year
Bluewolf,62,year
Blur_Studio,N/A,year
Blurb,N/A,year
Blytheco,N/A,year
BobCAD-CAM%2C_Inc.,N/A,hour
Boecore_Inc,87,year
Boingo_Wireless,90,year
Bomgar,79,year
Bonanza,N/A,year
Booking.com,79,year
Boost_Mobile,10,hour
Boostability,N/A,hour
Booz%2C_Allen%2C_and_Hamilton,94,year
Born,N/A,year
Bottle_Rocket_Apps,104,year
Bottomline_Technologies%2C_Inc.,75,year
Bowhead%2C_Inc.,77,year
Bowhead_Information_Technology_Services%2C_Inc.,N/A,year
Box,117,year
Bradford_Scott_Data_Corporation,N/A,hour
Brafton,50,year
Brainshark,76,year
Brainstorm,N/A,year
BrandMuscle%2C_Inc.,53,year
Brandes_Associates,N/A,year
Brandwatch,81,year
Braxton_Technologies,N/A,year
Bright_House_Networks,70,year
Brightcove_Inc,N/A,year
Brightree,85,year
Brightstar_Corporation,89,year
Brighttalk,N/A,year
Brillio,134,year
Brite_Computers,N/A,year
British_Telecom,N/A,year
British_Telecommunications_Plc.,N/A,year
BroadSoft%2C_Inc.,90,year
Broadband_Express,N/A,hour
Broadband_Telecom,N/A,year
Broadnet,N/A,year
Broadpoint,N/A,year
Broadridge_Financial_Solutions%2C_Inc.,90,year
Brocade_Communications_Systems%2C_Inc.,107,year
Bronto_Software,72,year
Brooks_Bell,N/A,year
Bsquare_Corporation,N/A,year
Buchanan_Associates,N/A,year
Buckeye_Cablesystem,N/A,year
Buckeye_Telesystem,N/A,year
Building_Engines%2C_Inc.,N/A,year
Buildium,N/A,year
Bullhorn,85,year
Bullseye_Telecom,N/A,year
Bungie%2C_Inc.,85,year
Bureau_Van_Dijk_Electronic_Publishing,N/A,year
Business_Communications%2C_Inc.,N/A,year
Business_Imaging_Systems,N/A,year
Business_Information_Group,N/A,year
Business_Information_Systems%2C_Inc,53,year
Business_Insider,71,year
Business_Software_Inc,N/A,year
Businessolver,79,year
BuzzFeed,69,year
C_Squared_Systems,N/A,hour
C-Tech_Associates%2C_Inc.,N/A,hour
C_%26_C_Technologies,76,year
C2_Solutions_Group,N/A,year
C3I%2C_Inc.,N/A,year
CA%2C_Inc.,90,year
CA_Technologies,N/A,year
CALIBRE,83,year
CAMP_Systems_International,N/A,year
CBE_Group,N/A,year
CBS_Interactive_Inc.,85,year
CBSI,N/A,year
CCC_Information_Services,82,year
CCH_Tax_and_Accounting,N/A,year
CCI_Systems,19,hour
CD_Baby,82,year
CDI_Corp,31,hour
CDK_Global,77,year
CDK_Global%2C_LLC.,83,year
CDO_Technologies,76,year
CDS_Global%2C_Inc.,14,hour
CDW_Berbee,90,year
CDW_Computer_Centers_Inc,83,year
CDW_Merchants,N/A,year
CENIC,N/A,year
CERN,N/A,year
CGI_Federal,75,year
CGI_Group_Inc.,87,year
CHR_Solutions%2C_Inc.,N/A,year
CIO_Solutions,N/A,year
CIS,72,year
CIS_Group,N/A,year
CIS_Security,N/A,hour
CMS_Solutions,N/A,year
COCC,64,year
CODY_Systems,N/A,hour
COINS,57,year
COMMSCOPE%2C_Inc.,102,year
CPA_Global,79,year
CPA_Site_Solutions,N/A,year
CPI_Corp.,26,hour
CPI_Solutions,N/A,hour
CPS_Security_Solutions,13,hour
CPSI,68,year
CRF_Inc,59,year
CRI_Advantage%2C_Inc.,N/A,year
CRIF,N/A,year
CSG_Systems_International_Inc,96,year
CSI_Consulting,N/A,year
CSI_Technologies%2C_Inc.,N/A,hour
CSPI,73,year
CSRA_Inc.,87,year
CSSA,N/A,year
CSSI%2C_Inc.,63,year
CSSS.net,N/A,year
CTI_Group,74,year
CTIS,N/A,year
CTS_Corporation,92,year
CU*Answers,N/A,year
CU_Direct_Corporation,77,year
CUBRC,N/A,year
CW_Technology,N/A,year
CWS_Services,N/A,hour
Cable_Connections,N/A,year
Cable_News_Network_(CNN),N/A,year
Cable_One_Inc.,71,year
Cable_Solutions,N/A,hour
Cable_and_Wireless_Worldwide,N/A,hour
CableCom_LLC,24,hour
CableLabs,N/A,year
CablesandKits.com,N/A,year
Cablevision_Systems_Corporation,83,year
Cadence_Design_Systems_Inc.,136,year
Calabrio%2C_Inc,89,year
California_Air_National_Guard,N/A,hour
California_Department_of_Forestry,N/A,year
California_Department_of_Public_Health,N/A,year
Calix_Networks%2C_Inc.,N/A,year
Call_One,N/A,year
CallMiner,N/A,year
CallTower,N/A,year
Callidus_Software_Inc.,87,year
Caltech,58,year
Calyx_Software,N/A,year
Camber_Corporation,79,year
Cambridge_Computer_Services,N/A,year
Cambridge_Information_Group,N/A,year
Cameron_Communications%2C_LLC,N/A,year
Campus_Management_Corporation,N/A,year
Canonical,122,year
Capgemini,97,year
Capgemini_Consulting,92,year
Cappex.com,73,year
Caprock_Communications,N/A,year
Capsher_Technology,N/A,hour
Capstone_Corporation,69,year
Captech_Ventures,102,year
Capterra,63,year
CarGurus,88,year
Carahsoft_Technology,47,year
Carbonite,81,year
Cardinal_Solutions_Group,88,year
Cardinal_Tracking%2C_Inc.,N/A,year
CardinalCommerce_Corporation,N/A,year
Cardlytics,77,year
Career_Builder,63,year
Careerbuilder.Com%2C_LLC,N/A,year
Careerbuilder%2C_LLC,75,year
Carena,80,year
Caretech,N/A,year
Caretech_Solutions%2C_Inc.,56,year
Carewise%2C_Inc.,N/A,year
Careworks,68,year
Carfax%2C_Inc.,78,year
Cargas_Systems,N/A,year
Carlson_Wagonlit_Travel_(CWT),79,year
Carnegie_Learning%2C_Inc.,N/A,year
Carolina_West_Wireless,N/A,year
Carousel_Industries,60,year
Cars.Com,68,year
Cartegraph,N/A,year
Carter_Broadcast_Group,N/A,year
Casenet,N/A,year
Castle_Branch_Inc,N/A,hour
Catalyst_Health_Solutions,N/A,year
Catalyst_Repository_Systems,N/A,year
Catertrax,N/A,year
Cedar_Document_Technologies,N/A,year
Cee_Kay_Supply,N/A,hour
Cellular_Sales_of_Knoxville,71,year
Cellular_South,N/A,year
CellularOne,N/A,year
Cendyn,N/A,year
Cengage,89,year
Cengage_Learning,76,year
Centare,77,year
Center_for_Computer_Resources,N/A,year
Central_Logic,N/A,year
Centre_Technologies,N/A,year
CentricsIT,N/A,year
Centro,62,year
Centuria,N/A,year
Centurum%2C_Inc.,N/A,hour
CenturyLink,86,year
Cequint,N/A,year
Ceridian_Corporation,88,year
Cerner_Corporation,75,year
Certain_Affinity,82,year
Certain_Software,N/A,year
ChaiONE,76,year
Chameleon_Integrated_Services,N/A,year
Change_Healthcare,91,year
ChangePoint%2C_Inc,90,year
Channeladvisor,72,year
Charles_River_Analytics,N/A,year
Charles_River_Development_Group%2C_Inc.,106,year
Charter_Communications%2C_Inc.,88,year
Charter_Construction%2C_Inc.,N/A,hour
Charter_Global_INc,N/A,year
Chartlogic,N/A,year
Check_Point,N/A,year
Check_Point_Software_Ltd,N/A,year
Check_Point_Software_Technologies%2C_Inc.,N/A,year
Checkpoint_Systems%2C_Inc.,N/A,year
Chegg,128,year
Chemical_Abstracts_Services,77,year
Chenega_Corporation,79,year
Chenega_Federal_Systems%2C_LLC,N/A,year
Chief_Architect,N/A,hour
China_Mobile,N/A,year
ChiroTouch,N/A,year
Chorus_Call%2C_Inc.,N/A,year
Christian_Science_Monitor,N/A,year
Christianity_Today_International,N/A,year
Chrome_River_Technologies,95,year
Churchill_Downs_Incorporated,79,year
Ciber_Incorporated,88,year
Ciena_Corp,107,year
Cigital_Inc,N/A,year
Cincinnati_Bell_Inc,N/A,year
Cincinnati_Bell_Technology_Solutions,68,year
Ciox_Health,16,hour
Cipher_Tech_Solutions,N/A,year
CipherCloud,N/A,year
Ciplex,N/A,year
Circadence,N/A,year
Circle_Computer_Resources,N/A,year
Cisco_Systems_Inc,111,year
Cision,56,year
CitiusTech,101,year
Citizant_Inc,N/A,year
Citizens_Telephone,N/A,year
Citrix,105,year
Citrix_Online,N/A,year
Citrix_Systems_Inc,108,year
City_of_Bardstown,N/A,hour
City_of_Buda,N/A,year
City_of_Delray_Beach,N/A,hour
City_of_Trenton,N/A,hour
Citynet,N/A,hour
Civicplus,67,year
Clarabridge,82,year
Clarity_Consulting,N/A,hour
Clarity_Software_Solutions,N/A,year
Clayton_County_Board_of_Commissioners,N/A,year
CleanTelligent_Software,N/A,hour
Clear_Capital_Inc.,96,year
Clear_Channel_Communications%2C_Inc.,68,year
ClearLink,73,year
Clearwater_Analytics,73,year
Cleo%2C_Inc,N/A,year
Clevertech,N/A,year
Click_Here,N/A,year
ClickBank,N/A,year
Clickbooth,N/A,year
Clicksoftware,N/A,year
ClosingCorp_Inc,N/A,year
Cloudera_Inc.,134,year
Clover_Infotech,N/A,year
Clover_Technologies_Group%2C_Llc.,N/A,year
CoNetrix,N/A,hour
Code_42_Software,68,year
Cogent,N/A,year
Cogent_Communications,70,year
Cognitive_Data,N/A,hour
Cognizant,98,year
Cognizant_Technology_Solutions_Corp,98,year
Collabera_Inc.,55,year
Collabnet%2C_Inc.,N/A,year
CollabraLink_Technologies,97,year
CollegeNET,N/A,year
Colsa_Corporation,80,year
Columbus_It,N/A,year
Com_Net%2C_Inc.,N/A,hour
ComTech_Communications,97,year
Comcast_Cable%2C_Inc.,91,year
Comcast_Entertainment_Group,86,year
Comcast_Spotlight,71,year
Comm-Works%2C_Inc.,N/A,year
Command_Alkon_Inc,75,year
Commerce_Technologies%2C_Inc.,N/A,year
Commission_Junction%2C_Inc.,N/A,year
Common_Sense_Media,74,year
Commonwealth_of_Pennsylvania_(PA),59,year
Communication_Service_For_The_Deaf%2C_Inc,59,year
Communication_Solutions,N/A,hour
Communications_Engineering_Company,N/A,hour
Communications_Test_Design%2C_Inc.,80,year
Communications_Test_Design_Incorporated,N/A,year
Commvault%2C_Inc,N/A,year
Commvault_Systems_Inc,108,year
Comnet_Communications%2C_Llc.,N/A,hour
CompQsoft,N/A,year
Company_Confidential,100,year
Competitive_Edge,N/A,year
Complete_Healthcare_Solutions,N/A,hour
CompleteRx,N/A,year
Compli,N/A,year
Comporium_Communications,N/A,year
Comptia,N/A,year
Compucom_Systems_Incorporated,19,hour
Compucon_USA,16,hour
Compunetix%2C_Inc.,N/A,year
Compusearch_Software_Systems%2C_Inc.,78,year
Compusystems%2C_Inc.,N/A,year
Computacenter_plc,96,year
Computech,N/A,year
Computer_Aid%2C_Inc.,74,year
Computer_Aided_Technology,63,year
Computer_Associates,88,year
Computer_Generated_Solutions,N/A,hour
Computer_Information_Concepts,N/A,year
Computer_Pundits_Corporation,N/A,year
Computer_RX,N/A,year
Computer_Sciences_Corporation_(CSC),83,year
Computer_Services%2C_Inc.,67,year
Computer_Systems%2C_Inc.,N/A,year
Computer_Techniques%2C_Inc.,N/A,hour
Computershare_Ltd,73,year
Compuware_Corporation,N/A,year
Comscore%2C_Inc.,87,year
Comtech_EF_Data,N/A,year
Comtech_LLC,77,year
Comtech_Systems,N/A,year
Comtel,N/A,year
Concentric_Sky,N/A,hour
Concentrix_Corporation,14,hour
Concert_Technologies,N/A,year
Concur,96,year
Concur_Technologies%2C_Inc.,100,year
Concurrent_Computer_Corporation,80,year
Conduent_Inc.,81,year
Configura,N/A,year
Confluence,25,hour
ConnectWise,68,year
Connecting_Point,N/A,year
Connectria,N/A,hour
Connecture%2C_Inc.,N/A,year
Connex,N/A,year
Connexion_Technologies%2C_LLC,N/A,year
Consolidated_Communications%2C_Inc,79,year
Constant_Contact,97,year
Constellation,84,year
Constellation_Homebuilder_Systems,N/A,year
Consumer_Cellular,18,hour
Contactually,81,year
ContextMedia%2C_Inc.,76,year
Continental_Mapping_Consultants,N/A,year
Continental_Resources%2C_Inc.,69,year
Contingent_Network_Services,N/A,hour
Continuant,49,year
Continuum_Management_Services,N/A,year
Continuum_Solutions,N/A,hour
Continuum_Technologies,N/A,hour
Contractors_Register,N/A,year
Control_Group,N/A,hour
Convention_Data_Services,N/A,year
Converge,77,year
Convergent_Computing,N/A,year
Convergint_Technologies%2C_LLC,69,year
Convergys_Corporation,14,hour
Convey,N/A,year
Conviva,17,hour
Convo_Communications,63,year
Copyright_Clearance_Center%2C_Inc.,N/A,year
Coram_Specialty_Infusion_Services,19,hour
Core_Bts,87,year
Core_Solutions_Inc,N/A,year
Core_Technology_Solutions,N/A,year
CoreSys_Consulting_Services,N/A,hour
Corel_Corporation,78,year
Corelogic%2C_Inc.,90,year
Cornerstone_OnDemand,112,year
Corning_Cable_Systems,75,year
Corporate_IT_Solutions,N/A,hour
Corporation_Service_Company,45,year
Corporation_Services_Company,N/A,year
Corptax%2C_LLC,N/A,year
Corrigo_Incorporated,N/A,year
Cost_U_Less,N/A,hour
Costar_Group%2C_Inc.,90,year
Cotiviti,93,year
Cotsworks,N/A,year
Cott_Systems,N/A,year
Cougar_Mountain_Software,N/A,year
County_of_Fresno,N/A,hour
County_of_Morris,N/A,hour
County_of_Webb,N/A,hour
Covenant_Eyes,N/A,year
Covestic,N/A,year
Coworx_Staffing_LLC,60,year
Cox_Auto_Trader,N/A,year
Cox_Automation,N/A,year
Cox_Communications%2C_Inc.,90,year
Cox_Enterprises,93,year
CradlePoint,96,year
Cray%2C_Inc.,99,year
Credence_Management_Solutions,79,year
Credit_Karma,144,year
Cricket_Communications%2C_Inc.,N/A,year
Cricket_Wireless,12,hour
Criteo,92,year
Crosscom_National_LLC,N/A,hour
Crown_Castle_International_Corp,90,year
Cryptic_Studios,N/A,year
Crystal_D,N/A,year
Crystal_Dynamics,N/A,year
CrystalCommerce%2C_Inc.,N/A,year
Css_Corp,17,hour
Cubic_Applications%2C_Inc.,93,year
Cubic_Corporation,103,year
Cubic_Defense_Applications_Group,111,year
Culbert_Healthcare_Solutions,N/A,year
Cumulus,N/A,year
Curriculum_Associates%2C_Inc.,79,year
Curse,N/A,year
Custom_Computer_Specialists%2C_Inc.,53,year
Custom_Data_Processing,N/A,year
Cuyahoga_County,57,year
Cvent%2C_Inc.,76,year
Cxtec,N/A,year
CyberCoders,N/A,year
CyberCore_Technologies,N/A,year
Cybera,N/A,year
Cyracom,16,hour
CyrusOne,21,hour
cPanel,N/A,year
D_Magazine,64,year
D3Corp,N/A,year
DB_Consulting_Group%2C_Inc.,N/A,year
DBS,N/A,year
DCS_Corporation,90,year
DELTA_Resources%2C_Inc.,N/A,year
DEMCO,76,year
DH_Corporation,N/A,year
DHI_Corporation,73,year
DHS_CBP,91,year
DICE,81,year
DIRECTV%2C_LLC.,100,year
DISA_Global_Solutions,73,year
DKW_Communications,N/A,year
DLT_Solutions%2C_Inc.,72,year
DMI_Industries,63,year
DP_Solutions,N/A,hour
DP_Technology,82,year
DR_Systems%2C_Inc.,N/A,hour
DRS_Technologies%2C_Inc.,85,year
DSI_Systems_Inc,N/A,year
DSS_Inc.,73,year
DST_Health_Solutions_Inc,15,hour
DST_Systems_Inc,72,year
DSi,74,year
DTC_Communications,N/A,year
DTS,N/A,hour
DTSI,N/A,year
DTT_Surveillance,N/A,hour
DVS_InteleStream,N/A,year
Dailymotion,N/A,year
Dakota_County,N/A,hour
Dakota_Software_Corporation,N/A,year
Dark_Horse_Comics,N/A,hour
Dassault,N/A,year
Dassault_Systemes_Inc,103,year
Dassault_Systems_Corp,115,year
Data_Foundry,N/A,year
Data_Innovations,N/A,year
Data_Management_Inc.,N/A,year
Data_Recognition_Corporation,94,year
Data_Systems_Analysts,N/A,year
Data_Systems_International,69,year
Data_Transmission_Network,N/A,year
DataComm_Networks,N/A,year
DataCore,72,year
DataLab_USA,N/A,year
DataServ,55,year
DataVox,21,hour
Databank_Imx,79,year
Datacard_Corporation,83,year
Datacom,N/A,year
Datalink_Inc.,N/A,year
Datalogic_Inc,67,year
Datamark_Incorporated,N/A,year
Datamax,N/A,hour
Datapath%2C_Inc.,84,year
Datapipe_Inc,N/A,year
Dataprise,70,year
Datascan_Technologies_LLC,N/A,year
Datavail,95,year
Dattco_Inc,N/A,hour
Datto,83,year
Datum_Software,N/A,year
Daugherty_Business_Solutions,95,year
Davidson_Technologies,N/A,year
Daxko,61,year
Day_Wireless_Systems,N/A,hour
DaySmart_Software,N/A,year
Daystar,N/A,year
DeNA_Global,N/A,year
Dealer.Com,63,year
Dealer_Specialties%2C_Inc,N/A,hour
DealerOn,55,year
Dealersocket,64,year
Dealertrack%2C_Inc.,N/A,year
Dealogic_LLC,N/A,year
Dean_Evans_%26_Associates,N/A,year
Decisionone_Corporation,N/A,hour
Decisive_Data_Inc.,73,year
Decline,75,year
Decypher_Technologies,70,year
Dedicated_Micros,N/A,year
Deep_Blue_Communications,N/A,year
Defense_Information_Systems_Agency,84,year
Defense_Intelligence_Agency,87,year
Delaware_State_Police,N/A,year
Dell_Financial_Services,N/A,year
Dell%2C_Inc.,99,year
Deltek_Inc.,76,year
Deluxe_Corp,86,year
Deluxe_Digital_Media,82,year
Demand_Media,N/A,year
Demandforce,N/A,year
Demandware,N/A,year
Denali_Advanced_Integration,N/A,year
Denim_Group%2C,N/A,year
Denovo,72,year
Department_of_Administration,67,year
Department_of_Health_Services,57,year
Department_of_The_Army,86,year
Deque_Systems,N/A,year
Design_Center,N/A,year
Design_Science,N/A,year
Dexter_Chaney,90,year
Dial_America%2C_Inc.,10,hour
Dialamerica_Marketing%2C_Inc.,N/A,year
Dicentral_Corp.,N/A,year
Digg,N/A,year
DigiCert,79,year
Digicel_Group,76,year
Digimarc,N/A,year
Digital,62,year
Digital_Dimensions%2C_Inc.,N/A,year
Digital_Extremes,N/A,year
Digital_Infuzion,N/A,year
Digital_Innovation%2C_Inc.,N/A,year
Digital_Insight,N/A,year
Digital_Lagoon,N/A,hour
Digital_Management,87,year
Digital_Map_Products,N/A,year
Digital_Realty,N/A,year
Digital_River%2C_Inc.,92,year
Digium%2C_Inc.,70,year
Diligent,77,year
Dimagi,N/A,year
Dimension_Data,110,year
Direct,17,hour
Direct_Supply_Inc.,68,year
Direct_Technology,N/A,year
DiscoverOrg,65,year
Dish_Network_Corporation,82,year
Disti,76,year
Distribution_Management_Systems%2C_Inc._(DMSi),N/A,year
Disys,30,hour
Diversant,N/A,year
Diversified_Data_Systems,N/A,hour
DocMagic,N/A,year
Document_Security_Systems_Inc,N/A,year
Docusign%2C_Inc.,112,year
Docutech_Corp,N/A,year
Dodds,N/A,year
Dolby_Laboratories%2C_Inc.,123,year
Dominion_Enterprises%2C_Inc.,69,year
Domo%2C_Inc.,85,year
Dovetail_Systems,N/A,year
Dow_Jones_%26_Co_Inc,96,year
DrFirst,N/A,year
Drake_Enterprises%2C_Ltd.,N/A,year
Drake_Software,N/A,hour
DrawBridge,99,year
Drilling_Info,71,year
Dropbox%2C_Inc.,107,year
Duck_Creek_Technologies_Inc,90,year
Dun_%26_Bradstreet_Corp,90,year
Duos_Technologies,N/A,year
Dycom_Industries_Inc,73,year
Dyn,N/A,year
Dynamit_Technologies,N/A,year
Dynetics%2C_Inc.,82,year
Dyntek%2C_Inc.,N/A,year
Dyonyx,N/A,year
E-Builder%2C_Inc,N/A,year
E2open,114,year
EA_Mobile,N/A,year
EA_Sports,103,year
EAC_Product_Development_Solutions,N/A,year
EAI_Corporation,N/A,year
EBSCO_Information_Services,80,year
ECS_Federal%2C_LLC.,87,year
ECi_Software_Solutions,85,year
EDI,N/A,hour
EDTS,48,year
EID_PAssport,N/A,year
EIS%2C_Inc.,95,year
EMC_Corporation,88,year
ENS_Group,N/A,year
EPIC%2C_Inc,74,year
EPL_%2C_Inc,N/A,year
ESET%2C_LLC,N/A,year
ESI_Corporation,N/A,year
ESI_North_America%2C_Inc,N/A,year
ESO_Solutions,81,year
EXILANT_Technologies,103,year
EXL_Service.com,97,year
Eagle_Creek_Software_Services,73,year
Eagle_Investment_Systems,N/A,year
Eagle_Technology_Management,N/A,year
EagleView_Technologies,80,year
Early_Warning_Services%2C_LLC,103,year
Earth_Resources_Technology%2C_Inc.,N/A,year
EarthLink_Business,N/A,hour
Earthlink%2C_Inc.,N/A,year
Eatel,N/A,year
Ebates,87,year
Ebix%2C_Inc.,N/A,year
Ebsco_Industries%2C_Inc.,68,year
Ebsco_Publishing,N/A,year
Echostar,N/A,year
Echostar_Communications_Corporation,N/A,year
Eclinicalworks%2C_LLC,77,year
Edaptive_Computing%2C_Inc.,58,year
Edco,N/A,year
Edgenet%2C_Inc,63,year
Edgewater_Technology,N/A,year
Edifecs,116,year
Edmunds.Com,83,year
Education_Logistics_Inc.,N/A,year
Education_Networks_of_America,N/A,year
Efjohnson,N/A,year
Egencia,100,year
Election_Systems_and_Software,N/A,year
Electronic_Arts_Inc.,102,year
Electronic_Commerce_Inc,N/A,year
Electronic_Systems%2C_Inc._(ESI),54,year
Electronics_For_Imaging_Inc,84,year
Elemental_Technologies,N/A,hour
Elemica,N/A,year
Eliza_Corporation,101,year
Ellie_Mae,102,year
Ellucian_Company_L.P.,98,year
Elsevier_Science,78,year
Emagine_IT,N/A,year
Emco_Technologies,N/A,hour
Emdeon_Business_Services,72,year
Emerge,61,year
Emergent_Space_Technologies%2C_Inc.,N/A,year
Emerson_Network_Power_(Emerson_Electric_Co.),88,year
Emmis_Communication_Corporation,N/A,year
Emoney.Com%2C_LLC,85,year
Empereon_Marketing,N/A,year
Empirix,98,year
Employment_Security_Department,62,year
Empowered_Benefits,68,year
Empyrean_Benefit_Solutions,71,year
Emtec_Incorporated,17,hour
EnCompass_Technologies,73,year
Enablon,79,year
Encompass_Digital_Media,N/A,hour
Encore_Business_Solutions,N/A,year
Encyclop%C3%A6dia_Britannica%2C_Inc.,N/A,year
Endeavor_Communications,N/A,year
Endpoint,86,year
Endurance,68,year
Endurance_International,87,year
Energy_Services_Group,24,hour
Energy_XXI,93,year
EnergyCAP,N/A,year
Enernoc%2C_Inc.,80,year
Enertia_Software,N/A,year
Engage,N/A,year
Enghouse_Systems_Ltd.,88,year
Engility_Corporation,89,year
Engineering_Associates,N/A,year
Engineering_Software_Solutions,N/A,year
Enmr_Plateau,N/A,year
Ensco%2C_Inc.,95,year
Enstoa,N/A,year
Enterprise_Information_Services%2C_Inc.,N/A,year
Enterprise_Integration,N/A,year
Entertainment_Partners_Inc,91,year
Entisys_Solutions,N/A,year
Entre,N/A,year
Envestnet,75,year
Enviance,N/A,hour
Environmental_Systems_Research_Institute%2C_Inc.,36,hour
Envisage,59,year
Envisage_Information_Systems,N/A,year
Envisionware%2C_Inc.,N/A,year
Eoir_Technologies%2C_Inc.,N/A,year
Epam_Systems,126,year
Epic,76,year
Epic_Games%2C_Inc.,86,year
Epic_Systems%2C_Corporation,81,year
Epicor_Software_Corporation,84,year
Epiq_Systems%2C_Inc,88,year
Eplus_Group%2C_Inc.,N/A,year
Eplus_Technology%2C_Inc.,23,hour
Epsilon,88,year
Epsilon_Systems_Solutions%2C_Inc.,95,year
Equest,N/A,year
Equifax_Inc,98,year
Equinix%2C_Inc.,97,year
Equus_Computer_Systems%2C_Inc,N/A,year
Equus_Software,N/A,year
Erickson,76,year
Ericsson_Inc.,114,year
Esker,N/A,year
Esri,38,hour
Etech%2C_Inc.,15,hour
Ethos_Solutions,N/A,year
Etouches,N/A,year
Ettain_Group,N/A,hour
Euclid_Technology,N/A,year
Euronet_Worldwide%2C_Inc.,92,year
Eventbrite,91,year
Everbridge,88,year
Evernote,143,year
Every_Child_Achieves,N/A,year
Everyone_Counts,90,year
Evisions%2C_Inc,92,year
Evoke_Technologies,N/A,year
Evolent_Health_LLC,81,year
Evolution1,N/A,year
Evolve_IP,66,year
Evosus%2C_Inc.,N/A,year
Eworld_Enterprise_Solutions,N/A,year
Exa_Corporation,N/A,year
Exact_Software,N/A,year
Exari,N/A,year
Excelacom%2C_Inc,71,year
Executive_Personal_Computers,N/A,year
Exostar,85,year
Expedia%2C_Inc.,109,year
Expedient,57,year
Experian_Group_Ltd,98,year
Experian_Limited,94,year
Experian_QAS,76,year
Expert_Global_Solutions%2C_Inc.,N/A,hour
Explore_and_Develop,N/A,year
ExponentHR,N/A,year
Exscribe_Inc,96,year
Extech,N/A,hour
Exterro%2C_Inc.,N/A,year
Extreme_Networks,93,year
Eze_Castle_Integration,N/A,year
Eze_Castle_Software,104,year
eBay_Inc.,131,year
eCivis,N/A,year
eFront,N/A,year
eGain_Communications,N/A,year
eInfochips,100,year
eLocal_Listing_LLC,N/A,year
eMarketer,87,year
ePlan_Services,N/A,year
eQ_Technologic,82,year
eVestment_Alliance,89,year
emids_Technologies,N/A,year
F5_Networks%2C_Inc.,117,year
FACTOR,N/A,year
FBS_Data_Systems,N/A,year
FCi_Federal,14,hour
FEI_Behavioral_Health,N/A,year
FEI_Company,83,year
FG_Wilson,N/A,year
FIS,82,year
FMG_Suite,64,year
FPT_Software,N/A,year
FSE%2C_Inc.,N/A,year
Facebook_Inc,127,year
Factset_Research_Systems_Inc.,102,year
Fair_Isaac_Corporation,106,year
Fairpoint_Communications%2C_Inc.,78,year
Faithlife_Corporation,76,year
Fakespace,N/A,year
FanDuel,89,year
Fandango,97,year
Fast_Enterprises%2C_LLC,93,year
FastSpring,N/A,year
Faster_Solutions,N/A,year
Fathom,87,year
Federal_Bureau_of_Investigation_(FBI),75,year
Federated_IT,N/A,year
Federation_of_State_Medical_Boards,N/A,year
Feeney_Wireless,N/A,year
Femme_Comp_Inc.,N/A,year
Feynman_Group,N/A,year
Fidelity_Communications,N/A,hour
Fidelity_National_Information_Services_(fnis),81,year
Fidelity_National_Information_Solutions_(FNIS),78,year
Fidelity_Technologies,93,year
Fidessa_Corporation,92,year
Filament_Games,N/A,year
Findaway_World,N/A,year
Fine_Designs,N/A,year
Finisar_Corporation,109,year
Firaxis_Games,N/A,year
Firespring,N/A,year
Fireye,120,year
First,76,year
First_Advantage_Corporation,N/A,hour
First_Data_Resources,N/A,year
First_DataBank,N/A,year
Fiserv_Inc,90,year
Fishbowl_Marketing_Inc,N/A,year
Fishbowl_Solutions,N/A,year
Fisher%2FUnitech,76,year
Fisher%27s_Document_Systems,N/A,hour
Fitbit,112,year
Five9,105,year
Flatirons_Solutions,N/A,year
Fleetmatics_Development_Limited,N/A,year
Flexera_Software,83,year
Flexible_Business_Systems,54,year
Flow_Science_Inc.,N/A,year
Focus_Services,N/A,year
Foliage,N/A,year
Fonality,N/A,year
Foobar_Company,N/A,year
Foothold_Technology,N/A,year
Force3%2C_Inc.,N/A,year
Forddirect,N/A,year
ForeSee_Results,72,year
ForeSite_Technologies,N/A,year
Foremost,N/A,year
Forensic_Technology_Incorporated,N/A,year
Forensics_Consulting_Solutions,N/A,year
Forsythe_Solutions_Group%2C_Inc.,83,year
Forte_Group,N/A,year
Forte_Research_Systems,82,year
Fortinet_Inc,118,year
Fortress_Solutions,N/A,hour
Forward_Advantage%2C_Inc.,N/A,hour
Forward_Edge%2C_Inc.,N/A,year
Forward_Slope_Inc,N/A,year
Foundation_Software%2C_Inc.,57,year
Four_Winds_Interactive,64,year
Foxconn_Electronics%2C_Inc,64,year
Free_Stream_Media_Corp,N/A,year
FreeWheel_Media_Inc.,99,year
Freeconferencecall.com,54,year
Freedom_Scientific,N/A,hour
FreedomPay,N/A,year
Frequentis,N/A,year
Freshdesk,N/A,year
Freudenberg,81,year
Friedman_Corporation,N/A,year
Front_Rush,N/A,year
Frontier_Communications_Inc.,87,year
Frontier_Corp,76,year
Frontier_Technologies,N/A,year
Frontline_Communications,N/A,year
Frontline_Technologies_Group_LLC.,78,year
Fujifilm_Medical_Systems_Inc.,90,year
Fujitsu,90,year
Fujitsu_Consulting_Inc.,N/A,year
Fujitsu_Network_Communications_(FNC),N/A,year
Fulcrum,94,year
Fuse,N/A,year
Fusionstorm,N/A,year
Future_Technologies%2C_Inc.,N/A,year
FutureNet_Group,N/A,year
Fuzz_Productions,N/A,year
G-Squared,29,hour
G5,N/A,year
G5_Search_Marketing,63,year
GAVS_Information_Services_Pvt_Ltd,N/A,year
GBL_Systems,N/A,hour
GC_Services%2C_Ltd,13,hour
GCI_Group,N/A,year
GCR_Incorporated,N/A,year
GCS_Technologies,N/A,year
GDH_Consulting,N/A,hour
GE_Information_Technology_Solutions,N/A,year
GEP,89,year
GIO,N/A,hour
GPS_Insight,N/A,year
GRSi,78,year
GSMA,N/A,year
GT_Nexus,94,year
GTECH_Corporation,N/A,year
GTL_Limited,N/A,year
GVTC,N/A,year
GWI,N/A,year
GaN_Corporation,N/A,year
Gaiam%2C_Inc.,73,year
Gainsight,109,year
Galaxe_Solutions,N/A,year
Galen_Healthcare_Solutions,75,year
GameChanger,88,year
GameStop_Corp.,14,hour
Gameloft_Inc,56,year
Gamma_Technologies%2C_Inc.,N/A,year
Gartner_Group_Inc,95,year
Gastroenterology_Consultants_of_San_Antonio,N/A,hour
Gateway_Ticketing_Systems,N/A,year
Gearbox_Software,63,year
Geeksquad,16,hour
Gemalto%2C_Inc.,79,year
Genband_Inc,103,year
General_Communication%2C_Inc._(GCI),87,year
General_Dynamics_Advanced_Information_Systems,84,year
General_Dynamics_C4_Systems,89,year
General_Dynamics_Corp.,89,year
General_Dynamics_Information_Technology_Inc,85,year
General_Electric_(GE)_Healthcare,95,year
General_Electric_(GE)_Infrastructure,N/A,year
Genesys,100,year
Genesys_Telecommunications%2C_Inc.,96,year
Genesys_Telecommunications_Laboratories_Inc.,N/A,year
Genoa_Healthcare%2C_LLC,15,hour
Genpact,96,year
Genscape%2C_Inc.,70,year
GeoDigital,N/A,year
Geocent,81,year
Geodecisions,N/A,year
Geonetric,63,year
Georgia_Technology_Authority,N/A,year
GetWellNetwork,94,year
Getronics_Ltd,20,hour
Getty_Images%2C_Inc.,97,year
Giesecke_and_Devrient,N/A,year
Gigamon_Inc.,113,year
Gigya,N/A,year
Gimmal,N/A,year
Gingerbread_Shed_LLC,N/A,year
GitLab,111,year
Glassdoor,117,year
Global_Business_Consulting_Services,N/A,year
Global_Business_Solutions,N/A,year
Global_Data_Systems%2C_Inc.,N/A,year
Global_Eagle_Entertainment,N/A,year
Global_Employment_Solutions,63,year
Global_Healthcare_Alliance,N/A,year
Global_Knowledge,N/A,year
Global_Linking_Solutions,N/A,hour
Global_Services_LLC,N/A,year
Global_Software,77,year
Global_Tel*Link%2C_Inc.,78,year
GlobalLogic,118,year
GlobalSign,N/A,year
Globalstar%2C_Inc.,73,year
Globant,126,year
Globecomm_Systems_Inc.,101,year
Globenet,N/A,year
Globoforce,N/A,year
Globys,99,year
Glotel%2C_Inc.,N/A,year
Glu_Mobile_Inc.,98,year
Go_Daddy_Inc,93,year
Go_Go_International,N/A,year
Go_Wireless_Inc,N/A,hour
Godaddy,103,year
Godaddy.Com%2C_Inc.,106,year
Gogo,110,year
Goldbelt%2C_Incorporated,N/A,year
Golden_West_Telecommunications,N/A,hour
Goodman_Networks%2C_Inc.,N/A,year
Google%2C_Inc.,124,year
Gotham_Technology_Group,N/A,year
Gowireless,N/A,hour
Grace_Hill%2C_Inc.,N/A,year
Gracenote,79,year
Grande_Communications,N/A,hour
Granicus,65,year
Granite,67,year
Granite_Telecommunications,65,year
Grant_Street_Group,75,year
Graphisoft,N/A,year
Great_Plains_Communications,N/A,year
Greatcall%2C_Inc.,75,year
Gree_International%2C_Inc.,N/A,year
Green_Hills_Software%2C_Inc.,N/A,year
Greenpages%2C_Inc.,N/A,year
Greenway_Health,60,year
Greenway_Medical_Technologies,N/A,year
GridPoint%2C_Inc.,N/A,year
Groundspeak,N/A,year
Groupware_Technology,82,year
GrubHub,95,year
Guardian_Pharmacy,16,hour
Guest-tek,N/A,year
Guidance_Software%2C_Inc.,N/A,year
Guidestar,N/A,year
Guidewire,120,year
Guidewire_Software,113,year
GyanSys,N/A,year
HBO_Latin_America,78,year
HCL_America%2C_Inc.,80,year
HCL_Infosystem_Ltd.,N/A,year
HCL_Technologies_Ltd.,83,year
HEALTHCAREfirst,22,hour
HID_Corporation,97,year
HM_Electronics,97,year
HP_Enterprise_Services,N/A,year
HP_Inc.,98,year
HP_Products,N/A,year
HPE,111,year
HTC_Global_Services_Inc.%2C,85,year
HTC_Inc,110,year
Halski_Systems_LLC,N/A,hour
Hanapin_Marketing,51,year
Hargray_Communications_Group,69,year
Hargray_Inc.,N/A,year
Harmonia,N/A,year
Harmonix,73,year
Harms_Software_Inc.,N/A,year
Harper_Collins_Inc.,67,year
Harris_Communications,N/A,year
Harris_Computer_Systems,65,year
Harris_Corporation,84,year
Harris_County_Toll_Road_Authority,N/A,hour
Harris_Group_Inc.,83,year
Harris_It_Services,56,year
Hawaiian_Telcom_Inc.,N/A,hour
Hawaiian_Telecom,N/A,year
Hawk_Ridge,N/A,year
Hayes_Management_Consulting,N/A,year
Hcms_Group%2C_Inc.,N/A,year
Health_Choice_Network%2C_Inc,N/A,year
Health_Information_Designs,N/A,year
Health_Leads,N/A,year
Health_Management_Systems%2C_Inc,83,year
Health_Services_Advisory_Group,75,year
HealthEquity,77,year
HealthHelp,98,year
HealthLine_Systems,N/A,year
Healthaxis,N/A,year
Healthgrades%2C_Inc.,74,year
Healthplan_Services%2C_Inc.,59,year
Healthport,13,hour
Healthstream%2C_Inc,80,year
Healthtrio_LLC,N/A,year
Healthwise%2C_Incorporated,N/A,year
Healthx,77,year
Hearsay_Social,115,year
Hearst_Business_Media,N/A,year
Hearst_Corporation,61,year
Heartland_Business_Systems,81,year
Heavy_Construction_Systems_Specialists,N/A,year
Helion_Automotive_Technologies,N/A,year
Hello_Direct,N/A,year
Henry_Schein%2C_Inc.,73,year
Hewlett-Packard_Company,98,year
Hewlett_Packard_Enterprise,106,year
Hexagon_Metrology%2C_Inc.,83,year
Hexaware_Technologies_Inc.,95,year
HiRez,N/A,year
High_Moon_Studios,N/A,year
High_Touch%2C_Inc.,N/A,year
High_Voltage_Software_Inc.,N/A,year
HighRadius,69,year
Higher_Information_Group,N/A,year
Higher_Logic,79,year
Higherground,N/A,hour
Himss,N/A,year
Hindsight_Inc.,N/A,year
Hired,N/A,year
Hireright%2C_Inc.,89,year
Hitachi_America%2C_Ltd.,91,year
Hitachi_Consulting,103,year
Hitachi_Data_Systems_Corp,96,year
Holman%27s,N/A,year
HomeAdvisor,74,year
HomeNet,N/A,year
Homeaway.com%2C_Inc.,91,year
Homecare_Homebase,67,year
Honeywell_Technology_Solutions%2C_Inc.,87,year
Horizon_Performance,N/A,year
Horizon_Software_International,N/A,year
Horizon_Telcom,N/A,year
Horry_Telephone_Cooperative%2C_Inc.,N/A,year
Host_Analytics,106,year
Hostgator,N/A,hour
Hosting.com,83,year
Hostway_Corporation,N/A,year
HotSchedules,79,year
Hotwire_Inc,N/A,year
Houzz_Inc.,76,year
Howard_Industries%2C_Inc.,N/A,year
Huawei,152,year
HubSpot,91,year
Hudl,75,year
Huge,94,year
Hughes,82,year
Hughes_Network_Systems%2C_Llc.,91,year
Hulu%2C_LLC,92,year
Huron_Consulting_Group_LLC,82,year
Hyland_Software%2C_Inc.,78,year
hCentive,78,year
I-Corp.,17,hour
I.T.S.,N/A,hour
I.T._Source,N/A,hour
IAC_Search_and_Media,91,year
IBM_Canada_Ltd.,N/A,year
IBM_Global_Services,108,year
IBM_India_Private_Limited,N/A,year
IBS_Software_Services,N/A,year
ICONMA,N/A,year
ICS_Corporation,N/A,year
ICS_Solutions,N/A,hour
ID_Analytics,91,year
ID_Software,N/A,year
IDT_Corp,84,year
IDT_Corporation,99,year
IES_Commercial_Inc.,22,hour
IFS_North_America_Inc,74,year
IHS_Energy_Ltd.,80,year
IHS_Inc.,80,year
IIA,N/A,year
IMImobile,N/A,year
IMS_Health_Inc,86,year
IMVU,100,year
INFORM%2C_Inc,N/A,year
INXPO,65,year
IOD_Incorporated,N/A,hour
ION_Exchange_Services_Ltd,N/A,year
IPC_Systems%2C_Inc.,N/A,year
IPKeys_Technologies,N/A,year
IPRO,N/A,year
IPRO_Tech%2C_Inc,N/A,year
IPsoft,98,year
IQ_Solutions%2C_Inc.,75,year
IQMS,74,year
IRI_International,85,year
ISACA,N/A,year
ISGN,71,year
ISHPI,50,year
ISNetworld,N/A,year
ISPA,N/A,year
ISS_Group,N/A,hour
IST_Research,N/A,year
IT_Authorities,62,year
IT%26E,N/A,year
ITA_Group%2C_Inc.,64,year
ITC_Infotech,N/A,year
ITN_International,N/A,year
ITRS_Group_plc,N/A,year
ITS%2C_Inc.,N/A,year
ITT_Exelis,82,year
ITV,N/A,year
IXL,70,year
Iac%2Finteractivecorp,88,year
Ibaset%2C_Inc.,N/A,year
Ibasis%2C_Inc,N/A,year
Icann,N/A,year
Icims,94,year
Icontact,64,year
Idealab,N/A,year
Idera,N/A,year
Idstc,N/A,year
Igate_Global_Solutions_Ltd.,80,year
Igate_Mastech_Inc,N/A,year
Ignite_Technologies,N/A,year
ImageSoft,N/A,year
ImageTrend,68,year
Imagenet_LLC,N/A,hour
Imageware_Systems%2C_Inc.,N/A,year
Imagine_One_Technology_%26_Management%2C_Ltd.,N/A,year
Imagine_Software,N/A,year
Immedion,N/A,year
Immersion,N/A,hour
Immixgroup%2C_Inc,N/A,year
Impact_Makers,N/A,year
Impact_Networking,62,year
Impact_Radius,N/A,year
Imperva,101,year
Impetus,N/A,year
Impinj%2C_Inc.,109,year
Imprivata,N/A,year
Imtas_Inc.,N/A,hour
InComm,85,year
InContact%2C_Inc.,86,year
InDemand_Interpreting,79,year
InMotion_Hosting,52,year
InSequence,N/A,year
Incom,N/A,hour
Indeed%2C_Inc.,92,year
Independent_Publishers_Group,N/A,year
Index_Exchange,94,year
Indiana_Health_Information_Exchange,N/A,year
Infinera,126,year
Infinite,N/A,year
Infinite_Campus%2C_Inc.,78,year
Infinite_Computer_Solutions_%2C_Inc.,N/A,year
Infinite_Computing_Systems,N/A,year
Infinity_Technology%2C_Inc,N/A,year
Info_Systems_Inc,N/A,year
Info_Tech%2C_Inc.,N/A,year
InfoGroup,N/A,year
InfoStretch,N/A,year
InfoSys_Limited,86,year
Infocision,N/A,hour
Infocision_Management_Corporation,N/A,year
Infogain_Corporation,N/A,year
Infogix%2C_Inc.,N/A,year
Infor_Global_Solutions,87,year
Infor%2C_Inc.,92,year
Informa,73,year
Informa_Global_Markets,71,year
Informatica_Corporation,130,year
Information_Builders%2C_Inc.,96,year
Information_Control_Corporation,80,year
Information_International_Associates,N/A,year
Information_Management_Group,N/A,year
Information_Management_Services,N/A,year
Information_Resources%2C_Inc.,87,year
Information_Strategies,N/A,year
Information_Systems_and_Networks_(ISN),60,year
Information_Technology%2C_Inc.,74,year
Infosys_BPO,91,year
Infosys_International,84,year
Infotech,78,year
Infotrax_Systems,N/A,year
Infovista,N/A,year
Infozen%2C_Inc.,N/A,year
InfraNet_Technologies_Group,N/A,year
Infusion_Development_Corporation,N/A,year
Infusion_Software,N/A,year
Infusionsoft,90,year
Ingenio_Inc,N/A,year
Ingenious_Med,97,year
Ingram_Micro_Inc,74,year
Inkling,N/A,year
Inland_Cellular,N/A,hour
Inline,N/A,hour
Inmar_Enterprises%2C_Inc.,76,year
Inmarsat,80,year
Innosource_Business_Solutions%2C_Inc,N/A,year
Innova_Systems,N/A,year
InnovaSystems_International%2C_LLC,N/A,year
Innovative,20,hour
Innovative_Computer_Systems,N/A,year
Innovative_Interfaces%2C_Inc.,N/A,year
Innovative_Software_Solutions_Inc,N/A,year
Innovative_Solutions,N/A,year
Innovest_Systems,N/A,year
Innovim,N/A,year
Inovalon,89,year
Inrix,N/A,year
InsideSales.com,68,year
Insight,84,year
Insight_Enterprises%2C_Inc.,80,year
Insight_Global%2C_Inc.,56,year
Insight_Software,N/A,year
InsightAmerica,N/A,year
Insignia_Health,N/A,year
Insite_Technology_Ltd,N/A,year
Insomniac_Games,N/A,year
Inspiritec_Inc.,N/A,hour
Inspirus%2C_LLC,N/A,year
Inspur,N/A,year
Instacart,95,year
Instec,N/A,year
Instructure%2C_Inc.,79,year
Insum_Solutions,N/A,year
Insurance_Technologies_Corporation,76,year
Insuresoft%2C_LLC,N/A,year
Insurity_Inc,92,year
Intacct_Corporation,N/A,year
Integra,84,year
Integra_Group,76,year
Integra_Solutions,N/A,year
Integra_Telecommunications,N/A,year
Integral,81,year
Integrate.com,92,year
Integrated_Computer_Solutions,76,year
Integrated_Services_Group%2C_Inc.,N/A,hour
Integration_Partners,N/A,year
Integration_Point,72,year
IntelePeer,N/A,year
Intelex_Technologies,84,year
Intelisys,N/A,year
Intelity_Solutions,N/A,year
IntelliCorp,N/A,year
Intellidyne_LLC,N/A,year
Intelligent_Automation%2C_Inc.,93,year
Intelligent_Decisions%2C_Inc.,N/A,year
Intelligent_Software_Solutions%2C_Inc.,78,year
Intelliteach,N/A,hour
Intelsat_Corporation,101,year
Intent_Media,N/A,year
InterDyn,N/A,year
InterImage,N/A,year
InterSys_Consulting,N/A,year
InterWorks,N/A,year
Interact,N/A,year
Interactive_Data_Corp.,N/A,year
Interactive_Intelligence%2C_Inc.,81,year
Intercall_Inc,N/A,year
Intercom_Enterprises,N/A,year
Interconnect_Systems_Inc,N/A,year
Interface_Security_Systems,N/A,hour
Intergraph_Corporation,74,year
Interlude,N/A,year
Intermedix,70,year
Internap%2C_Inc.,N/A,year
International_Business_Machines_(IBM)_Corp.,109,year
International_Decision_Systems%2C_Inc.,N/A,year
International_Game_Technology_(IGT),79,year
International_Software_Systems,N/A,year
International_TechneGroup_Inc,N/A,year
Internet_Brands,71,year
Internet_Matrix,N/A,year
Internet_Testing_Systems,N/A,year
Interop_Technologies,N/A,year
Intersystems_Corporation,100,year
Intertech_Corporation,N/A,year
Intertech_Security%2C_LLC,N/A,hour
Intertrust,N/A,year
Intouch_Solutions,74,year
Intrado%2C_Inc.,81,year
Intralinks%2C_Inc.,92,year
Intuit_Inc.,125,year
Intuition_Systems,N/A,year
Intuitive_Technology_Group,N/A,year
Investis,N/A,year
Investment_Technology_Group,94,year
Invision.Com,106,year
Iovation,80,year
Iowa_Network_Services,N/A,hour
Ipass_Inc.,N/A,year
Ipreo,80,year
Ipswitch%2C_Inc.,87,year
Iqnavigator_Inc.,81,year
Irdeto,N/A,year
Iridium_Corp,N/A,year
Iron_Mountain%2C_Inc.,81,year
Iron_Mountain_Incorporated,N/A,year
Iron_Mountain_Records_Management,18,hour
Irving_Burton_Associates_and_Incorporated,N/A,year
Iteris%2C_Inc.,91,year
Iverify,N/A,year
Ixia,99,year
i3_Research%2C_Inc,N/A,year
iDirect_Technologies,97,year
iLAB,N/A,year
iMobile,N/A,hour
iModules,58,year
iN_Demand_Networks,N/A,year
iPipeline,75,year
iQmetrix,68,year
iQor,13,hour
iSolve_Business_Solutions,N/A,year
iSpace,N/A,year
iStreamPlanet,N/A,year
iTalent,N/A,year
iTech_Solutions,N/A,year
iTradeNetwork,N/A,year
iVenture_Solutions,N/A,year
ikaSystems,N/A,year
J._J._Keller_%26_Associates%2C_Inc.,80,year
JDA_Software_Group%2C_Inc.,102,year
JDS_Uniphase_Corp,104,year
JMA-IT,N/A,year
JMARK_Business_Solutions,N/A,year
JT3_-_LLC,76,year
Jabra,N/A,year
Jack_Henry_%26_Associates_Inc_(JKHY),79,year
Jacobs_Technology%2C_Inc.,87,year
Jade_Global,N/A,year
Jagged_Peak_Inc.,75,year
Jaguar_Communications,N/A,hour
Jama_Software,N/A,year
Jana%2C_Inc.,N/A,year
Janrain,N/A,year
Jefferson_Audio_Video_Systems,N/A,year
Jefferson_County_Commission,17,hour
Jenne_Distributors,N/A,year
Jenzabar%2C_Inc,77,year
Jeppesen_Sanderson%2C_Inc.,97,year
Jive,64,year
Jive_Software,109,year
Jobson_Publishing,N/A,year
John_Wiley_and_Sons%2C_Inc.,72,year
Jonas_Software,N/A,year
Juniper_Networks%2C_Inc.,131,year
Juniper_Systems,N/A,year
j2_Global_Communications%2C_Inc.,80,year
K-Force,27,hour
K2_Solutions,N/A,year
KAR_Industrial,N/A,hour
KCI,64,year
KDDI_America,N/A,year
KEYBRIDGE,N/A,year
KEYW_Corporation,91,year
KGI,N/A,year
KGS_Group,N/A,hour
KLA_Group,98,year
KONICA_MINOLTA_Business_Solutions_Ltd,70,year
KORE_Telematics,70,year
KPIT_Cummins_Infosystems_Limited,N/A,year
KUBRA_Data_Transfer,N/A,year
KVH_Industries%2C_Inc.,N/A,year
Kabam,84,year
Kantar_Itp,N/A,year
Kareo,88,year
Karmak_Inc.,N/A,year
Kaspersky_Lab,N/A,year
Kastle_Systems,77,year
Kayak_Software,106,year
Kelley_Blue_Book,88,year
Keno_Kozie_Associates,N/A,year
Keylogic,77,year
Keypoint_Technologies,19,hour
Keyrus,101,year
Keywords_International_Ltd,N/A,year
Kforce_Professional_Staffing,69,year
Kickstarter,117,year
Kinetic_IT,N/A,year
Kingfisher_Systems,N/A,year
Kingland_Systems,71,year
Kinnser_Software,69,year
Kitware,N/A,year
Knight_Point_Systems,91,year
Knowledge_Services,N/A,hour
KnowledgeLake,N/A,year
Kodiak_Networks,N/A,year
Kofax%2C_Inc.,N/A,year
Konami_Digital_Entertainment%2C_Inc.,N/A,year
Konica_Minolta_Business_Solutions%2C_Inc.,68,year
Kony,107,year
Korchek_Technologies_LLC,N/A,year
Kovarus,N/A,year
Kratos,92,year
Kretek_International,N/A,year
Kroll_Ontrack_Inc.,N/A,year
Krones_Inc.,83,year
Kronos_And_Inc,N/A,year
Kronos_Incorporated,85,year
Kronos_Products,N/A,year
Kurtosys,N/A,year
Kyriba,95,year
kCura,74,year
L-3_Communications,89,year
L_%26_T_Infotech_Ltd,97,year
LABVANTAGE_Solutions_Pvt_Ltd,N/A,year
LANtek_Computer_Service,N/A,year
LCS_Technologies,N/A,year
LFORM_Design,N/A,year
LGS_Group_Inc.,98,year
LHP_Software,76,year
LINQ_Services,69,year
LITMUS,N/A,year
LLamasoft,92,year
Lab49,N/A,year
Landesk,71,year
Landscapes_USA,N/A,hour
Lanspeed,N/A,hour
Lantek,N/A,hour
Lanyon_Solutions%2C_Inc.,64,year
Larsen_%26_Toubro_Limited,92,year
Larsen_and_Toubro_Ltd.,90,year
Laserfiche,77,year
Leadpoint%2C_Inc.,N/A,year
Leadsonline,N/A,year
LeanLogistics,63,year
Learfield_Sports,57,year
Learning.Com,N/A,year
Leidos,89,year
Lenel_Systems,N/A,year
Lenovo_Group,94,year
Level_(3)_Communications,82,year
Level_One%2C_Inc.,N/A,year
LevelUp,N/A,year
Levi%2C_Ray%2C_%26_Shoup%2C_Inc.,N/A,year
Lewan_and_Associates,N/A,year
Lexicode_Corporation,25,hour
Lexipol,66,year
LexisNexis,89,year
Lexmark,94,year
Lexmark_International_Group_Inc,N/A,year
Liaison_Technologies,N/A,year
Liazon,N/A,year
Libera,N/A,year
Liberty_Global,N/A,year
Liberty_IT,83,year
LifeSize,N/A,year
Lifelock,N/A,year
Lighthouse_Document_Technologies,N/A,year
Lighthouse_Technologies,N/A,year
Lightning_Bolt_Solutions,N/A,year
Lightspeed_Systems,81,year
Limeade,90,year
Limelight_Networks,85,year
Linden_Lab,N/A,year
Line_Systems_Inc,N/A,hour
Linedata_Services%2C_Inc,106,year
Link_Computer_Corporation,N/A,year
Link_Staffing,N/A,year
Linkedin_Corporation,119,year
Linode,75,year
Linx,18,hour
Lionbridge_Inc.,N/A,year
Lionbridge_Technologies%2C_Inc.,72,year
Liquid_Web,N/A,year
Liquidhub%2C_Inc.,88,year
Little_Diversified_Architectural_Consulting,N/A,year
LivePerson,92,year
LiveText%2C_Inc,N/A,year
Livestream,N/A,year
Livevox,92,year
LivingSocial,N/A,year
Local_Government_Corporation,N/A,year
Location_Labs,N/A,year
Lockheed_Martin_Corp,88,year
Lockheed_Martin_Information_Technology,100,year
Locus_Telecommunications_Inc.,N/A,year
LogMeIn,97,year
LogRhythm,106,year
Logic_Supply,N/A,year
Logic_Technology_Inc,61,year
Logicalis%2C_Inc.,80,year
Logicworks,N/A,year
Logista_Solutions,N/A,hour
Logos,N/A,year
Logos_Research_Systems%2C_Inc.,N/A,year
Lone_Wolf,N/A,hour
Lone_Wolf_Real_Estate_Technologies,66,year
LongView_International_Technology_Solutions,N/A,year
Louisiana_Public_Health_Institute,N/A,year
Lubbock_County,N/A,year
Lucent_Technologies_Inc,N/A,year
Lucid_Software,76,year
Lucid_Technology,86,year
Lumedx_Corporation,N/A,year
Lumenis%2C_Inc.,N/A,year
Luxoft,100,year
Lyft%2C_Inc.,107,year
Lyons_Consulting_Group,78,year
lDS_Church,N/A,hour
M3,67,year
MA_Peterson,N/A,hour
MAK_Technologies,105,year
MASERGY,N/A,year
MCG_Health%2C_Inc.,108,year
MCIS,N/A,year
MCK_Technology,N/A,year
MCN_Healthcare,N/A,year
MCPc,N/A,year
MDA_Federal%2C_Inc.,79,year
MDSL,68,year
MDX,N/A,year
MEDTRON,N/A,year
MIL_Corporation,75,year
MIR3,N/A,year
MITS,N/A,year
MLB_Advanced_Media%2C_LLP,87,year
MModal_IP_LLC,67,year
MORI_Associates,88,year
MPAY,N/A,year
MRI_Software,63,year
MRV_Communication%2C_Inc,N/A,year
MSA_Solutions,N/A,hour
MSDSonline,63,year
MSi_SSL,N/A,year
MTBC,N/A,year
MYTEK_Network_Solutions,N/A,year
Macaulay-Brown%2C_Inc.,82,year
Maestro,77,year
Magenic,N/A,year
Magenic_Technologies,105,year
Magento,82,year
Mahindra_USA,88,year
Main_Street_Hub,44,year
Mainstay_Technologies,N/A,year
Maintech_Corp,N/A,year
Majesco,N/A,year
Majiq_Systems_%26_Software%2C_Inc.,N/A,year
Makemusic,56,year
Managed_Solution,N/A,year
Management_Data_Systems_International_(MDSI),N/A,year
Management_Science_Associates%2C_Inc.,82,year
Manhattan_Associates,82,year
Manhattan_Associates%2C_Inc.,87,year
Manpower_Inc.,16,hour
ManpowerGroup,73,year
Mantech_International_Corp.,94,year
Mapcom_Systems,N/A,year
Mapp_Digital_US%2C_LLC.,136,year
Marathon_Staffing,N/A,hour
Marchex%2C_Inc.,85,year
Marco,68,year
Marin_Software,N/A,year
Market_Leader,N/A,year
Market_Resource_Partners,N/A,year
Marketing_Systems_Group,N/A,year
Marketo,95,year
Marketshare,N/A,year
Marketsource_Corporation,61,year
Marketstar_Corporation,64,year
Markey%27s_Rental_and_Staging,N/A,hour
Markit_Group_Limited,83,year
Markmonitor%2C_Inc.,66,year
Marlabs_Inc.,N/A,year
Marvel_Entertainment,53,year
Mastec_Advanced_Technologies,63,year
Mastec_North_America%2C_Inc.,74,year
Mastech_Inc,74,year
Mastek,N/A,year
MasterCard_Worldwide,109,year
MasterControl,91,year
Matanuska_Telephone_Association%2C_Inc.,N/A,year
Match.Com,89,year
Materialise,N/A,year
Matrix_Integration,N/A,year
Matrix_Networks,N/A,year
Matrix_Resources%2C_Inc.,N/A,year
Matrix_Solutions_Inc.,N/A,hour
Matrixgroup,N/A,hour
Mattersight,80,year
Mavenir_Systems,112,year
MaxMind,N/A,year
Maximus%2C_Inc.,16,hour
Maxis,N/A,year
McAfee%2C_Inc.,104,year
McKesson_Corp.,94,year
McKesson_Medical_Imaging_Group,N/A,year
McKesson_Specialty_Health,95,year
McLeod_Software,65,year
Mccallie_Associates_Inc.,N/A,year
Mckesson_Health_Solutions,N/A,year
Mclane_Advanced_Technologies,N/A,year
Md7,N/A,hour
Mecklenburg_County_Government,65,year
MedData,64,year
MedTouch,N/A,year
Medallia,122,year
Medassets%2C_Inc.,74,year
Medecision%2C_Inc.,N/A,year
Medevolve,N/A,hour
Medfusion,N/A,year
Media_Temple,72,year
MediaMath,90,year
MediaSource,N/A,year
Mediacom,73,year
Mediacom_Communications_Corporation,17,hour
Medialab_Ventures,N/A,year
Medicity_Inc.,N/A,year
Medidata,N/A,year
Medidata_Solutions%2C_Inc.,110,year
Meditech,66,year
Mediware_Information_Systems,70,year
Medix,62,year
Mednet,60,year
Meetup,N/A,year
Melissa_Data,N/A,hour
Meltmedia,74,year
Meltwater_Group,69,year
MemberClicks,81,year
Mentor_Graphics_Corporation,104,year
MentorMate,N/A,year
Meraki,89,year
Mercury_Technology_Group,N/A,hour
Merge_Healthcare,N/A,year
Meridian_IT,N/A,year
Meridian_Imaging_Solutions,N/A,year
MeridianLink,86,year
Meridium,N/A,year
Merrill_Corporation,87,year
Meta_Solutions,N/A,year
Metacommunications_Inc,N/A,year
Metalogix,N/A,year
Metaswitch,N/A,year
Metova,78,year
MetricStream,N/A,year
MetroStar_Systems,106,year
Metron_Inc,73,year
Metropcs,10,hour
Metropolitan_Police_Department,N/A,year
Mettel,N/A,year
Mi-tech%2C_Inc.,20,hour
MiX_Telematics,N/A,hour
Michigan_State_Police,N/A,year
Micro_Focus_Inc.,96,year
MicroAge_Technologies,N/A,hour
MicroNet_Solution,N/A,hour
MicroPact,90,year
Microassist_Inc,N/A,year
Microd%2C_Inc,N/A,year
Microdesk%2C_Inc.,79,year
Microland,N/A,year
Microsoft_Corp,125,year
Microstrategy_Incorporated,100,year
Midas%2B,N/A,year
Midcontinent_Communications,N/A,year
Midwest_Family_Broadcasting,N/A,year
Mike_Collins_and_Associates,N/A,year
Miles_Technologies%2C_Inc.,59,year
Milestone_Systems,N/A,year
Milestone_Technologies%2C_Inc.,22,hour
Milleniumsoft_Inc.,N/A,hour
Milliman%2C_Incorporated,78,year
Milsoft_Utility_Solutions,75,year
Mimeo.Com%2C_Inc.,N/A,year
Mimosa,N/A,year
MindTouch,N/A,year
Mindbody%2C_Inc,74,year
Mindlance,66,year
Mindtree_Consulting,90,year
Mintec%2C_Inc.,N/A,year
Mintel_International_Group_Ltd.,61,year
Mission_Support_Alliance,81,year
Misys,N/A,year
Misys_Banking_Systems,85,year
Mitchell%2C_International,101,year
Mitchell1,N/A,hour
Mitel_Networks_Corp,81,year
Mitratech,73,year
Miva,N/A,year
Miva_Merchant,N/A,year
Mobile_Reach,N/A,year
Mobilitie,86,year
Mobitv%2C_Inc,N/A,year
Mobivity,N/A,year
Model_N_Inc,89,year
Modis%2C_Inc.,31,hour
Modular_Mining_Systems%2C_Inc,N/A,year
Modus,77,year
MojoTech,N/A,year
Momentum_Telecom,N/A,year
Monetate,71,year
Monitronics_International,N/A,year
Monotype,80,year
Monster.Com,92,year
Moody%27s_Kmv,N/A,year
Morningstar%2C_Inc.,80,year
MorphoTrust,74,year
Morris_Communications,N/A,year
Mortgage_Cadence,N/A,year
Mosaic_Technology,N/A,year
Motionpoint,N/A,year
Motionsoft,N/A,year
Motorola%2C_Inc.,90,year
Move%2C_Inc.,112,year
Moxie_Software,N/A,year
Mphasis_Corp.,92,year
Mphasis_Corporation,88,year
Msc.Software,86,year
Mu_Sigma,83,year
Mulesoft,N/A,year
Multiplan_Incorporated,86,year
Murex,N/A,year
Music_Choice_Ltd,N/A,year
Muzak%2C_LLC,N/A,hour
My.com,N/A,year
MyWebGrocer,72,year
Myriad_Supply,N/A,year
mindWireless,N/A,year
myDevices,N/A,year
N-able_Technologies_Inc.,N/A,year
N2net,57,year
NASDAQ,82,year
NC4,N/A,year
NCI_Inc.,85,year
NCI_Information_Systems%2C_Inc.%2C,81,year
NCR_Corp,89,year
NCS,65,year
NEC_Corporation,105,year
NEC_Corporation_of_America,N/A,year
NEOGOV,81,year
NIC_Group_Inc.,82,year
NICE_Systems,96,year
NIIT_Technology,91,year
NKP,N/A,year
NSC_Global,N/A,hour
NTS_Communications_Inc,N/A,year
NTT_America%2C_Inc.,100,year
NTT_Data_Corporation,93,year
NWN_Corporation,N/A,year
Nagarro,99,year
Namco_Bandai_Games_America_Inc.,95,year
Namely%2C_Inc.,82,year
Nanonation,N/A,year
NantHealth,90,year
Napster_Inc.,N/A,year
National_Capitol_Contracting,N/A,year
National_Collegiate_Scouting_Association,59,year
National_Enterprise_Systems,N/A,year
National_Geospatial-Intelligence_Agency,97,year
National_Ground_Intelligence_Center,N/A,year
National_Information_Solutions_Cooperative,65,year
National_Oceanic_and_Atmospheric_Administration,80,year
National_Quality_Forum,N/A,year
National_Research_Corporation,57,year
National_Rural_Telecommunications_Cooperative,N/A,year
National_Security_Agency,75,year
Native_Instruments,N/A,year
Nature_Publishing_Group,60,year
Naughty_Dog,N/A,year
Naval_Surface_Warfare_Ctr-Dahlgren,94,year
Navex_Global,59,year
Navicure,N/A,year
Navis,76,year
Navisite%2C_Inc.,80,year
Navitaire%2C_Inc.,N/A,year
Navteq_Corporation,N/A,year
Naylor%2C_Inc.,N/A,year
Ncsoft_Corporation,111,year
Neopost_Inc,60,year
Nerdwallet,107,year
Ness_Usa%2C_Inc.,N/A,year
Net%40Work,N/A,year
Net_eSolutions,61,year
NetApp,125,year
NetCentrics,N/A,year
NetEnrich,N/A,year
NetGear_Inc,103,year
NetWolves,N/A,hour
NetWrix,N/A,year
Netcom,N/A,year
Netcracker_Technology_Corp.,74,year
Neteffect,N/A,year
Netflix%2C_Inc.,107,year
Netgain_Hosting,N/A,year
Netgain_Technologies,59,year
Netmotion_Wireless%2C_Inc.,N/A,year
Netscout,94,year
Netscout_Systems%2C_Inc.,103,year
Netsmart_Technologies%2C_Inc.,76,year
Netsuite%2C_Inc.,90,year
Network_Building_and_Consulting,72,year
Network_Cabling_Services,N/A,hour
Network_Innovations_Inc,N/A,year
Network_Solutions_Inc.,N/A,year
Network_Solutions_Provider,N/A,year
Networked_Insights,N/A,year
Networking_Technologies_and_Support,N/A,hour
Netxusa,N/A,year
NeuLion,N/A,year
Neudesic,105,year
Neustar_Corporation,95,year
New_Century_Software,N/A,year
New_Innovations,N/A,year
New_Jersey_Institute_of_Technology_(NJIT),78,year
New_York_City_Health_and_Hospital_Corporation,88,year
New_York_State_Health_Foundation,N/A,year
New_York_eHealth_Collaborative,N/A,year
NewWave_Communications,N/A,year
Newforma,76,year
Newmarket_International,N/A,year
Newsbank%2C_Inc,N/A,year
NexTech,82,year
Nexant%2C_Inc.,79,year
Nexcess.net,N/A,year
Nexidia,N/A,year
Nexient,87,year
Nexius,82,year
Nexon_America,N/A,year
Next_IT_Corporation,N/A,year
NextLabs_Inc,N/A,year
Nextgen,77,year
Nextgen_Healthcare,72,year
Nextiva,83,year
Nextwave,N/A,hour
Nexus_Systems,N/A,year
Ngp_Van,58,year
Niche_Inc.,71,year
Nimble_Group,N/A,year
Nintendo_of_America_Inc.,27,hour
Nintex,96,year
Nitel,62,year
Nitro,84,year
Njvc-LLC,N/A,year
No_Limit,75,year
Noblis,96,year
Nokia%2C_Inc.,115,year
Nokia_Siemens_Networks,93,year
Nomis_Solutions,N/A,year
Nordis_Direct,N/A,year
Noregon_Systems,N/A,year
North_Carolina_Department_of_Revenue,N/A,year
North_Carolina_Housing_Finance_Agency,N/A,year
North_State_Communications,N/A,hour
Northland_Communications,N/A,year
Northrop_Grumman_Corporation,94,year
Northrop_Grumman_Information_Systems,91,year
Northstar_Technologies,N/A,year
Northwest_Evaluation_Association,95,year
Not_In_List,64,year
Nova_Corp,81,year
Novacoast,N/A,year
Novarad_Corporation,60,year
Novell_Inc,N/A,year
Nsight,N/A,year
Ntiva,59,year
Nuance_Communications%2C_Inc.,99,year
Nuesoft,N/A,year
Numerica_Corporation,N/A,year
Numerix_LLC,N/A,year
Nuna,N/A,year
Nunya_Bidness,75,year
Nunya%2C_Inc.,82,year
Nutanix,136,year
Nvidia_Corp,145,year
nLogic,67,year
nexVortex,N/A,year
nfrastructure,18,hour
OBXtek,N/A,year
OCHIN%2C_Inc.,89,year
OEConnection,59,year
OFS_Fitel%2C_LLC,87,year
OGSystems,84,year
ON24,N/A,year
ONIX_Group,N/A,hour
OPSWAT,N/A,year
ORASI,N/A,year
Oasys%2C_Ltd.,N/A,year
Object_Edge,N/A,year
Obsidian_Entertainment,N/A,year
Oclc_Online_Computer_Library_Center%2C_Inc.,93,year
Odyssey,73,year
Odyssey_Systems_Consulting_Group,83,year
Office_of_Inspector_General,N/A,year
Oklahoma_State_Department_of_Health,N/A,year
Oklahoma_Supreme_Court,N/A,year
Omega_Project_Solutions,N/A,year
OmniSYS%2C_LLC,N/A,year
Omnicell_Inc,96,year
Omnicomm_Systems%2C_Inc.,N/A,year
Omnitech_Inc.,N/A,year
Omnitrans,70,year
On_Center_Software%2C_Inc.,N/A,year
OnForce,N/A,year
OnTarget,N/A,hour
OnX_Enterprise_Solutions,79,year
One_Network_Enterprises,112,year
One_Source_Communications,N/A,year
One_Step_Data%2C_Inc.,N/A,year
One_Technologies,N/A,year
OneNeck_IT_Services,N/A,year
OnePath,70,year
OnePoint_Patient_Care,N/A,hour
Online_Rewards,N/A,year
Ontario_Systems%2C_Llc.,71,year
Ontraport,N/A,year
Onvia%2C_Inc.,81,year
Onvoy%2C_Inc.,N/A,hour
Open_Access_Technology_International,N/A,year
Open_Dental_Software,N/A,hour
Open_Minds,N/A,hour
Open_Systems_International,68,year
Open_Systems_Technologies,73,year
Open_Text_Corporation,113,year
OpenERP,N/A,year
OpenTable%2C_Inc._(Online_Restaurant_Reservations),112,year
OpenTech,N/A,year
OpenText_Corp.,100,year
OpenX,89,year
Openlink,111,year
Openlink_Financials_Inc,106,year
Opera_Solutions,109,year
Operative,N/A,hour
Opower,114,year
Optimal_Solutions_and_Technologies,74,year
Optimizely,118,year
Optimum_Lightpath,N/A,hour
Optimum_Solutions,N/A,year
Optiv_Security_Inc.,90,year
OptumHealth%2C_Inc.,95,year
Optus,N/A,year
Oracal_usa,N/A,year
Oracle,110,year
Oracle_Corp.,118,year
Orange,74,year
Orange_Business_Services,N/A,year
Orange_County_Government,19,hour
Orbcomm_Inc.,N/A,year
Orchard_Software,N/A,year
Orion_International,N/A,year
Orion_Systems_Integrators,N/A,year
Orkin%2C_Inc.,17,hour
Osisoft%2C_Inc.,97,year
Otelco,N/A,hour
Other_World_Computing,N/A,year
OutSystems,95,year
OuterBox_Solutions,53,year
Outreach_Inc,99,year
Overdrive%2C_Inc,67,year
Overland_Corp,N/A,year
Owen_Group,N/A,hour
onShore_Networks,N/A,year
P2_Energy_Solutions,N/A,year
PA._House_of_Representatives,N/A,year
PAR_Springer-miller_Systems,N/A,year
PAR_Technologies_L.l.c.,68,year
PAS%2C_Inc.,N/A,year
PBHS,N/A,year
PC_Connection%2C_Inc.,68,year
PCCW_Global,61,year
PCI_Strategic_Management,104,year
PCMS_Datafit,75,year
PCT_International,N/A,hour
PDS_Technical_Services%2C_Inc.,33,hour
PGI_International,85,year
PHT,N/A,year
PICS,N/A,hour
PICS_Telecom,N/A,year
POP,83,year
POS_Portal,N/A,hour
PQ_Systems,51,year
PROSUm_Technology_Services,78,year
PTC,94,year
Pacific_Office_Automation,19,hour
Pacific_Software_Publishing,N/A,hour
Paciolan%2C_Inc.,N/A,year
Paladin_Data_Systems_Corporation,N/A,hour
Palantir,N/A,year
Palantir_Technologies,113,year
Palo_ALTO%2C_Inc,115,year
Palo_Alto_Networks,124,year
Panasas,N/A,hour
Pandora_Media%2C_Inc.,101,year
Pantheon,111,year
Paperless_Business_Systems,N/A,year
Paragon_Application_Systems,N/A,year
Paragon_Development_Systems,N/A,year
Paragus_Strategic_IT,N/A,year
Parallel_Technologies%2C_Inc.,72,year
Parallels_Inc.,67,year
Parametric_Technology_Corporation,85,year
Parasoft_Inc,N/A,year
Parata_Systems%2C_Inc.,73,year
Parishsoft,N/A,year
Pariveda_Solutions,92,year
Park_Place_Technologies,63,year
Partech%2C_Inc.,N/A,year
Passageways,N/A,year
Patron_Technology,84,year
Patterson_Dental_Co,74,year
PayLease,74,year
Paycom,66,year
Paycor%2C_Inc.,87,year
Paylocity,79,year
Paypal%2C_Inc.,115,year
Paytronix_Systems%2C_Inc.,84,year
Pcmall_Inc.,60,year
Peak10,N/A,year
Peckham%2C_Inc.,17,hour
Pedigree_Technologies,N/A,year
Peer_1_Network%2C_Inc.,N/A,year
Peerless_Network,N/A,year
Pegasystems_Inc.,104,year
Pelco,N/A,year
Pen-Link%2C_Ltd.,N/A,year
Pencor%2C_Inc.,N/A,hour
Penta,N/A,hour
Pentagram,N/A,year
Pentaho,106,year
Penton_Media%2C_Inc.,63,year
PeopleAdmin,60,year
Peoplenet,72,year
Perceptive_Software%2C_Inc.,N/A,year
Perfect_Commerce%2C_Inc.,N/A,year
PerfectServe,67,year
Perficient%2C_Inc.,90,year
Perforce,80,year
Perform_Group,75,year
Performance_Software,N/A,year
Perks.com,N/A,year
Persistent_Systems,101,year
Personal_Computers_Inc,N/A,year
Petz_Enterprises,N/A,year
Phacil,67,year
PharmScript,17,hour
Pharmerica_Corporation,21,hour
Pharos_Systems,N/A,year
Phone.com,N/A,year
Phonoscope%2C_Inc.,N/A,hour
Photon_Infotech,109,year
Pica9,N/A,year
Pillar_Technology,94,year
Pinellas_County_Government,N/A,year
Ping_Identity,92,year
Pinger,N/A,year
Pinnacle_Telecommunications%2C_Inc.,N/A,hour
Pioneer_Technology_Group,N/A,year
Pioneer_Telephone,N/A,hour
Pitchbook,81,year
Pitney_Bowes_Inc.,81,year
Pivotal_Corporation,N/A,year
Pivotal_Labs,121,year
Pixelmedia,N/A,year
PlanITROI,N/A,year
Planisware,N/A,year
Planned_Systems_International,80,year
Plantronics_Inc,N/A,year
Planview%2C_Inc,99,year
PlayNetwork,79,year
Plex_Systems,80,year
Plumchoice%2C_Inc,N/A,hour
Pluralsight,103,year
Pocket_Gems,99,year
PointClickCare,96,year
Polaris_Management_Partners,N/A,year
Polaris_Software_Labs_Limited,N/A,year
Polycom_Inc.,105,year
Pomeroy_Group,N/A,year
Pomeroy_It_Solutions_Inc,N/A,hour
Porch,106,year
Postmates_Inc.,110,year
Power_Costs_Inc,78,year
Power_%26_Telephone_Supply,N/A,year
PowerAdvocate,88,year
PowerChord,N/A,year
PowerObjects,62,year
PowerPlan,97,year
PowerReviews,73,year
PowerSchool,76,year
Powernet_Global_Communications,N/A,year
Powertek,N/A,year
Practice_Fusion,114,year
Practice_Velocity,N/A,year
Praeses_LLC,89,year
Pragmatics%2C_Inc.,89,year
Precise_Systems,73,year
Precyse_Solutions_Llp,N/A,year
Premier%2C_Inc.,78,year
Premiere_Global,N/A,year
Presidio,89,year
Presidio_Engineering,77,year
Press_Ganey,79,year
Press_Ganey_Associates,74,year
Priceline.Com_Inc,97,year
Primatics_Financial,N/A,year
Prime_Communications,14,hour
Pro_Unlimited,87,year
ProCare_Software,N/A,year
ProMiles,N/A,hour
ProSites,N/A,hour
ProSource_Technologies%2C_Inc.,N/A,year
Procede_Software,N/A,year
Procom,N/A,hour
Procore_Solutions,N/A,year
Procore_Technologies,113,year
Procuri%2C_Inc.,N/A,year
Prodapt_Corporation,N/A,year
Prodea_Systems,N/A,year
Prodege,85,year
Produce_Pro,69,year
Professional_Datasolutions%2C_Inc.,73,year
Progeny_Systems_Corp,84,year
Progress_Software_Corporation,101,year
Projekt202,97,year
Prokarma%2C_Inc.,107,year
Prolink_Solutions,N/A,year
Prometheus,N/A,year
Prometheus_Global_Media,N/A,year
Promodel_Corporation,N/A,year
Proofpoint,116,year
Property_Solutions_International,N/A,year
Proquest_Company,80,year
Proquest_%2F_Csa,N/A,year
Proquest_Technologies,N/A,year
Pros_Revenue_Management,125,year
Prosys_Information_Systems,N/A,hour
Protech_Solutions_Inc,N/A,year
Protel_Communication_Systems,N/A,year
Provation_Medical%2C_Inc,87,year
Provoke_Solutions_Ltd,N/A,year
Proxibid,N/A,year
Prysm%2C_Inc.,N/A,year
PubMatic,122,year
Public_Consulting_Group%2C_Inc.,72,year
Public_Library_of_Science,N/A,year
Pulse_Systems%2C_Inc.,N/A,year
Punch,N/A,year
Purple_Communications%2C_Inc,30,hour
Pushpay,67,year
Q-Matic_Corporation,N/A,year
Q_Pharmacy,N/A,year
Q2_Software%2C_Inc.,95,year
Q2ebanking,84,year
QC_Data_Inc.,N/A,hour
QSI_Corporation,N/A,hour
Qad%2C_Inc.,103,year
QlikTech_International_AB,109,year
Qs%2F1_Data_Systems,N/A,year
QuadGen_Wireless_Solutions,N/A,year
Quadax_Inc,69,year
Quadramed_Corporation,N/A,year
Quake_Global%2C_Inc.,N/A,year
Qualcom,112,year
Qualcomm_Inc,115,year
Qualifacts,N/A,year
Qualis_Health,N/A,year
Qualitest,71,year
Quality_Correctional_Health_Care,28,hour
Quality_Support%2C_Inc.,N/A,year
Quality_Systems_Inc,N/A,year
Quality_Technology%2C_Inc.,N/A,year
Qualtrics,83,year
Qualxserv%2C_LLC,N/A,year
Qualys%2C_Inc.,113,year
Quanta_Technology,N/A,year
Quantcast,101,year
Quantros,75,year
Quantum_Research_International,73,year
Quantum_Spatial,20,hour
Quark_Inc.,N/A,year
Quest_Software%2C_Inc.,98,year
Questeq,N/A,year
Quinnox_Consultancy_Services,N/A,year
Quinstreet%2C_Inc.,87,year
Quintiq,71,year
Qumu,N/A,year
Quorum_Business_Solutions%2C_Inc.,85,year
QuoteWizard,N/A,year
Quotient%2C_Inc.,89,year
RBM,N/A,year
RCN_Corporation,N/A,year
RDA_Corporation,N/A,year
REAL_Software_Systems,N/A,year
REI_Systems%2C_Inc.,105,year
REZ-1,N/A,year
RLM_Communications%2C_Inc,74,year
RMM_Solutions,N/A,year
ROI_Revolution%2C_Inc.,56,year
RS_Software,N/A,year
RSA_Security%2C_Incorporated,N/A,year
RSI%2C_Inc.,88,year
RTL_Networks,N/A,hour
RYLEM,N/A,year
Rackspace%2C_US_Inc.,96,year
RagingWire_Data_Centers,N/A,year
Railinc_Corporation,N/A,year
RainKing_Solutions,N/A,year
Rainbow_Design_Services%2C_Inc,N/A,year
Raintree_Systems,N/A,year
Rakuten%2C_Inc,102,year
Rally_Software,N/A,year
Rand_Worldwide,72,year
Randstad_Ltd,19,hour
Randstad_North_America,67,year
Ranstad,55,year
Rapid_Response_Monitoring,N/A,hour
Rapid7,91,year
Ratheon_Corp,93,year
Rave_Wireless,66,year
Raven_Software,N/A,year
Raytheon_Co.,99,year
Razer_USA_Ltd,85,year
Reachlocal,N/A,year
Ready_Wireless,N/A,year
ReadyTalk,87,year
Real_Green_Systems,N/A,hour
Real-Time_Innovations,109,year
RealSelf,92,year
Realpage%2C_Inc.,76,year
Recondo_Technology,70,year
Recorded_Books_LLC,N/A,year
Recruiting.com,N/A,year
Red_Arch_Solutions,N/A,year
Red_Hat%2C_Inc.,103,year
Red_River_Computer_Company,109,year
Red_River_Software,N/A,year
Red_Ventures%2C_Inc.,82,year
RedBrick_Health,68,year
RedZone_Technologies,N/A,year
Redline,N/A,year
Reed_Business_Information,69,year
Reed_Elsevier,87,year
Reed_Group%2C_Ltd.,70,year
Reeher,N/A,year
Refinery29,N/A,year
Reflexis,69,year
Reged%2C_Inc,73,year
Rejis,N/A,year
RelayHealth,N/A,year
Reliance_Communications,N/A,year
Reliance_Connects,N/A,year
Reliant_Technologies%2C_Inc.,N/A,year
Relias_Learning,77,year
Renaissance_Learning%2C_Inc.,90,year
Replicon_Inc.,N/A,year
Reply%2C_Inc.,102,year
Reputation.com,84,year
Resource_Data_Inc,N/A,year
Resource_Management_Concpets_(rmc)%2C_Inc.,N/A,year
Retail_Data_Systems,N/A,year
Retail_Solutions,N/A,year
Rethink,N/A,year
Return_Path,83,year
RevUnit,82,year
Revel,85,year
Revention,N/A,hour
Revenue_Solutions_Inc,N/A,year
Revionics,N/A,year
Reynolds_%26_Reynolds_Co,52,year
Rhapsody,N/A,year
Richard_Allen,N/A,year
Ricoh_Corporation,18,hour
RightScale,83,year
Rightpoint,92,year
Rignet%2C_Inc.,N/A,year
Rimini_Street,N/A,year
RingCentral,97,year
Ringgold_Telephone_Company,N/A,hour
Riot_Games,105,year
Rippe_%26_Kingston,N/A,year
Risk_Management_Solutions%2C_Inc.,126,year
Rite-Solutions,78,year
Riverbed_Technology%2C_Inc.,143,year
Riviera_Partners,N/A,year
Robert_Half_International_Inc.,63,year
Robert_Half_Technology,69,year
Rocket_Fuel_Inc.,77,year
Rocket_Lawyer,N/A,year
Rockstar_Games,80,year
Rockstar_San_Diego,N/A,year
Rogue_Wave_Software,96,year
Rohde_and_Schwarz,97,year
Roku,135,year
Rose_International%2C_Inc.,N/A,hour
Rosetta_Stone_Ltd.,74,year
RouteMatch_Software,66,year
Routeone_LLC,89,year
Royal_Cyber_Inc.,N/A,year
Rubicon,71,year
Ruby_Receptionists,85,year
Rural_Sourcing_Inc,66,year
RxEOB,N/A,year
S%26K_Aerospace,62,year
S4,N/A,year
SAC_Wireless,77,year
SAI_Global_Ltd,87,year
SAP,104,year
SAP_America%2C_Inc.,105,year
SAS_Institute_Inc.,97,year
SAVO,N/A,year
SAWTST,N/A,year
SBA_Network_Services%2C_Inc.,64,year
SBAC,N/A,year
SBM_Site_Services_L.L.C.,79,year
SCA_Technologies,N/A,year
SCC_Soft_Computer_Company,N/A,year
SDL_Tridion,N/A,year
SDLC_Partners,74,year
SDS_Corporation,N/A,year
SDS_International,N/A,year
SE2,56,year
SEI_-_Service_Express,65,year
SENTAR,90,year
SEO.com,N/A,year
SEOmoz,101,year
SES_Americom%2C_Inc.,104,year
SES_S.A.,118,year
SGT_Inc,85,year
SHI_International_Corp,61,year
SHYFT_Analytics,N/A,year
SIRIUS_Communications,N/A,year
SISU_Medical_Solutions,78,year
SKC_Communications,N/A,year
SLK,N/A,year
SMS_Assist,73,year
SMS_Holdings%2C_Inc.,N/A,year
SNL_Financial_Inc.,N/A,year
SOLUTE_Consulting,78,year
SOURCEHOV,N/A,year
SPI_Global_CRM,N/A,hour
SPI_Technologies,N/A,year
SPS_Commerce,73,year
SRA_International%2C_Inc.,N/A,year
SRC_Technology_Solutions,68,year
SS%26C_Technologies%2C_Inc.,76,year
SSB_Bart_Group,N/A,year
SSEC,N/A,year
SSH_Communications_Security,N/A,year
STAT_Communications,N/A,hour
STS,75,year
SWC_Technology_Partners,73,year
SYSCOM%2C_Inc.,N/A,year
Saama_Technologies%2C_Inc.,N/A,year
Saba_Software_Inc.,N/A,year
Sabre,101,year
Sabre_Group_Holdings_Inc,120,year
Sabre_Industries,17,hour
Sabre_Systems%2C_Inc.,84,year
SabreTooth_Technologies,N/A,year
Sage_Consulting_Group,69,year
Sage_Software%2C_Inc.,85,year
Sagem_Morpho%2C_Inc.,N/A,year
Sageworks_Inc.,65,year
Sagitec_Solutions,68,year
Salary.Com,N/A,year
Salesforce.com%2C_Inc.,117,year
Salient_Corporation,82,year
Samsung,103,year
Samsung_Electronics_Ltd.,100,year
Samsung_Telecommunications,N/A,year
Samsung_Telecommunications_of_America,93,year
San_Antonio_Police_Department,N/A,year
Sandhills_Publishing,65,year
Sandisk_Corp,114,year
Sandler_Partners,N/A,year
Sapient_Corporation,106,year
Satcom_Direct,102,year
Satori_Software%2C_Inc.,N/A,year
Saturn_Systems,N/A,year
Savana_Inc,N/A,year
Savant,67,year
Savi_Technology%2C_Inc.,N/A,year
Say_Media,83,year
Scansource%2C_Inc.,63,year
Schell_Games,N/A,year
SchoolDude.com,N/A,year
Schr%C3%B6dinger%2C_LLC,124,year
SciQuest,82,year
Science_Applications_International_Corporation_(SAIC),94,year
Science_Systems_and_Applications%2C_Inc.,104,year
ScienceLogic,93,year
Scientific_Games_Corporation,76,year
Scientific_Research_Corporation,88,year
Scientific_Technologies_Corporation,N/A,year
Scoop,N/A,year
Scriptpro_LLC,N/A,year
Seagate_Technology%2C_Inc.,93,year
Seagull_Scientific,79,year
Search_Influence,N/A,year
Search_Technologies,N/A,year
Sears_Centre_Arena,N/A,hour
Sebastians,N/A,hour
Secant_Technologies,N/A,year
Secure-24,70,year
Securenet%2C_Inc.,N/A,hour
Secureworks,113,year
Securitas_Security_Services_Usa%2C_Inc.,13,hour
SecurityCoverage,15,hour
Securus_Technologies%2C_Inc.,76,year
Sefnco_Communications,25,hour
Sega_Inc,N/A,year
Segue_Technologies,N/A,year
Seibels_Bruce_Group,57,year
SemanticBits,109,year
Seminole_County_Sheriff%27s_Office,N/A,hour
Sendgrid,83,year
Sentek_Global,104,year
Sentinel_Technologies,76,year
Sentrillion,N/A,year
Sentry_Data_Systems,83,year
Sequent,N/A,year
Serco_-_Na,80,year
Sermo_Inc,N/A,year
Sertec_Corporation,N/A,hour
ServerCentral,N/A,year
Service_800,N/A,hour
Service_Management_Group,63,year
ServiceMax,114,year
ServiceNow,118,year
Servicesource,60,year
Servion,N/A,year
Sesame_Communications,N/A,year
SevOne,95,year
Sevatec,90,year
ShawnTech_Communications,N/A,year
Shazam%2C_Inc.,81,year
Shentel,15,hour
Shields_Environmental_Inc.,N/A,year
ShopKeep,N/A,year
Shopify,117,year
Shoppertrak_Corporation,N/A,year
Shoptech_Industrial_Software,N/A,year
Shoregroup%2C_Inc.,N/A,year
Shoretel%2C_Inc.,87,year
ShowClix%2C_Inc,N/A,year
ShowingTime,76,year
Shutterstock,85,year
Siemens_Automation_%26_Drives,81,year
Siemens_Plm_Software,106,year
Sierra_Nevada_Corporation,90,year
Sierra_Wireless_Inc.,N/A,year
Sigmanet%2C_Inc.,N/A,year
Signal,18,hour
Signpost,N/A,year
Sila_Solutions_Group,97,year
Silicon_Graphics_International,N/A,year
SilkRoad_Technologies,93,year
Silver_Spring_Networks%2C_Inc.,126,year
Silverchair_Holdings,N/A,year
Simon_and_Schuster%2C_Inc,59,year
Simpleview,63,year
Single_Digits,N/A,hour
SingleHop,61,year
Singlewire_Software,N/A,year
Singtel,N/A,year
SintecMedia,N/A,year
Sirius,121,year
Sirius_Computer_Solutions%2C_Inc.,86,year
Sirius_Satellite_Radio_Inc.,N/A,year
Sirius_Xm_Radio_Inc.,109,year
Sirsidynix,N/A,year
Sita_Corp,97,year
SiteMinder,N/A,year
Sitecore,87,year
Six-S_Inc.,N/A,year
Skidata,71,year
SkillSurvey,N/A,year
Skilled_Nursing_Pharmacy,N/A,hour
Skillsoft_Corporation,98,year
Skookum,72,year
SkySlope,N/A,year
Skyline_Technologies%2C_Inc.,N/A,year
Skylla_Engineering%2C_Ltd,N/A,year
Skyward,77,year
Slack_Incorporated,112,year
Smarsh,90,year
Smart_City,N/A,hour
Smart_City_Networks,N/A,year
Smart_Communications,N/A,year
Smartronix%2C_Inc.,98,year
Smartsheet,99,year
Smashing_Ideas,N/A,year
Smith_Micro_Software,N/A,year
Smooth_Fusion%2C_Inc.,N/A,year
Snagajob.Com,77,year
Snapchat,102,year
Social_Solutions,61,year
Socius,N/A,year
Socrata,98,year
SoftVision,103,year
Softchoice_Corporation,N/A,year
Softeon_Inc,68,year
SofterWare,N/A,year
Softrek_Corporation,58,year
Softtek,N/A,year
Software_Ag%2C_Inc.,99,year
Software_Technology_Group,85,year
SoftwareONE,76,year
Softway_Solutions,N/A,year
Softwriters,N/A,year
Sogeti%2C_Inc,90,year
Sogeti_USA_LLC,74,year
Solarwinds,76,year
Solera,69,year
Solera%2C_Inc.,81,year
Solers%2C_Inc.,78,year
Solidworks_Corporation,N/A,year
Solium_Capital,64,year
Solstice,81,year
Solstice_Consulting,83,year
Solugenix,N/A,year
Solutionary%2C_Inc.,74,year
Solutionreach%2C_Inc.,N/A,year
Solutions_by_Design,N/A,year
Some_Company,83,year
Somethin_Else,N/A,year
Something_Digital,N/A,year
Sonic_Foundry,N/A,year
Sonic.net,17,hour
Sonicwall%2C_Inc.,116,year
Sonus_Network,N/A,year
Sonus_Networks,101,year
Sony_Computer_Entertainment,122,year
Sony_Computer_Entertainment_America_Inc._(SCEA),N/A,year
Sony_Corporation_of_America,N/A,year
Sony_Ericsson_Mobile_Communications%2C_Inc.,N/A,year
Sony_Online_Entertainment_Inc,N/A,year
Sony_Pictures_Entertainment,97,year
Sophisticated_Systems,N/A,year
Sophos%2C_Inc.,118,year
Sorenson_Communications%2C_Inc.,23,hour
Sorenson_Media,75,year
South_Florida_Eye_Associates,N/A,hour
Space_Dynamics_Laboratory,76,year
Space_Systems%2FLoral,101,year
Sparc_Inc,N/A,year
Spawar,83,year
Spawar_Systems_Center,N/A,year
Spectra_Logic,N/A,year
Spectrotel,N/A,year
Spectrum,19,hour
Spencer_Technologies%2C_Inc,20,hour
Speridian_Technologies,N/A,year
Speros_Inc,N/A,hour
Spherexx,N/A,year
Spiceworks,N/A,year
Spillman_Technologies,N/A,year
Spinnaker_Management,N/A,year
Spirent_Communications,123,year
Splunk,125,year
Spokane_County,N/A,hour
Sport_View_Technologies,N/A,year
Sports_Illustrated,N/A,year
SpotXchange%2C_Inc.,75,year
Spotify,110,year
Spring_Mobile,37,year
SpringCM,71,year
Springboard_Media,N/A,year
Springbrook_Software,N/A,year
Springer,79,year
Springer-Verlag,N/A,year
Sprinklr_Inc.,93,year
Sprint_Nextel_Corporation,71,year
SproutLoud_Media_Networks,65,year
Square%2C_Inc.,119,year
Stamps.com,84,year
Star2Star_Communications,N/A,year
Stardock,N/A,year
Startek%2C_Inc.,11,hour
Startup,106,year
Starz_Entertainment_Group_LLC,N/A,year
State_Information_Technology_Agency,N/A,year
State_of_Colorado_(CO),59,year
State_of_Hawaii_(HI),53,year
State_of_Illinois_(IL),69,year
State_of_Iowa_(IA),58,year
State_of_Louisiana_(LA),61,year
State_of_Michigan_(MI),27,hour
State_of_Missouri_(MO),47,year
Stats_LLC,74,year
Stayinfront_Inc,N/A,year
Stefanini_IT_Solutions,17,hour
Stericycle%2C_Inc.,76,year
Stg%2C_Inc.,72,year
Stoltenberg_Consulting,N/A,year
StorageCraft,85,year
Strata_Decision_Technology,89,year
Strategic_Communications,N/A,year
Strategic_Staffing_Solutions%2C_Inc.,54,year
Strategic_Systems,N/A,year
Stratix,N/A,year
Substantial,N/A,year
Successfactors%2C_Inc.,108,year
Suddenlink,N/A,hour
Suddenlink_Communications,17,hour
Sumaria,90,year
Summa_Technologies,73,year
Sumtotal_Systems%2C_Inc.,N/A,year
SunGard_Availability_Services,84,year
SunGard_Data_Systems,90,year
Sungard_Hte%2C_Inc.,N/A,year
Sunquest_Inc.,90,year
Sunrise_Systems%2C_Inc.,N/A,hour
Super_Systems%2C_Inc.,N/A,year
Supercircuits,N/A,year
Supermicro,93,year
Support.com,N/A,hour
Surgical_Information_Systems,N/A,year
Survey_Sampling_International,61,year
Sutherland_Global_Services_Inc.,15,hour
Swiftpage,N/A,year
SwipeClock,N/A,year
Swish_Maintenance,N/A,year
Swisslog,85,year
SyCom_Technologies,N/A,year
Sykes,12,hour
Sykes_Enterprises%2C_Incorporated,13,hour
Symantec_Corporation,105,year
Symitar,N/A,year
Symmetry_Corporation,N/A,year
Syn-tech_Systems%2C_Inc.,N/A,year
Synacor%2C_Inc.,N/A,year
Synapse,92,year
Synaptics_Incorporated,118,year
Syncfusion,N/A,year
Synchronoss,100,year
Syncsort_Inc.,83,year
Synechron_%2CLLC,92,year
Synechron_Technologies,107,year
Synergetics%2C_Inc.,N/A,year
Synergy_Global_Solutions,N/A,year
Syniverse_Technologies%2C_Inc.,110,year
Synnex_Corporation,59,year
Synopsys%2C_Inc,127,year
Synoptek%2C_Inc.,76,year
Syntel%2C_Inc.,91,year
Syntel%2C_LLC,N/A,year
Synter_Resource_Group,N/A,year
Syringa_Networks_LLC,N/A,year
Syspro_Software,79,year
Systech_International,N/A,year
Systema_Software,N/A,year
Systems_Unlimited,N/A,year
T-Mobile%2C_Inc.,91,year
T-_Systems,88,year
T-Systems_North_America%2C_Inc.,N/A,year
T2_Systems%2C_Inc,71,year
TASC,63,year
TASER_International,85,year
TATA_International_Ltd,87,year
TATC_Consulting,N/A,year
TCC_Group,N/A,year
TCS_America,97,year
TCSI,N/A,year
TDK_Technologies,90,year
TDS_Telecom,69,year
TECTONIC_Engineering,N/A,hour
TEKsystems%2C_Inc,25,hour
TELUS_International,69,year
TEOCO,68,year
TING%2C_Inc.,N/A,year
TMA_Systems,N/A,year
TMG_Health_Inc.,N/A,hour
TMW_Systems,79,year
TNS%2C_Inc,N/A,year
TNT_Dental,50,year
TRAX_Usa_Corp,N/A,year
TRUSTe,N/A,year
TSG%2C_Inc.,N/A,year
TSI_Healthcare,N/A,hour
TSI_Solutions,N/A,year
TSPi,N/A,year
TSymmetry,N/A,year
TTS_Wireless,N/A,year
TUNE%2C_Inc.,100,year
TWC_Services,20,hour
Tableau_Software%2C_Inc.,89,year
Take_2_Interactive,87,year
Take-Two_Interactive_Software%2C_Inc,95,year
Talend,83,year
TalentWise,N/A,year
Talisen_Technologies,N/A,year
Tallan%2C_Inc.,N/A,year
Tango_Management_Consulting,77,year
Tangoe%2C_Inc.,80,year
Tantus_Technologies,N/A,year
Taos,N/A,year
Tapestry_Solutions_Inc.,87,year
Tata_Communications_Ltd,N/A,year
Tata_Consultancy_Services_Limited,80,year
Tatitlek,N/A,year
Tavant_Technologies_Inc,107,year
Taylor_%26_Francis_Group%2C_LLC,N/A,year
TeamPraxis,N/A,year
Tech_Data_Corporation,64,year
Tech_Electronics,N/A,year
Tech_Usa,N/A,year
TechMD,N/A,year
TechSoup_Global,N/A,year
Techmahindra_Ltd,82,year
Technatomy,N/A,year
Technekes,N/A,year
Technica_Corporation,84,year
Technicolor,111,year
Technology_Integration_Group,N/A,hour
Technology_Services_Group,66,year
Technology_Solutions_Group,N/A,year
Technosoft_Corporation,81,year
Techsmith_Corporation,79,year
Techtarget%2C_Inc.,55,year
Tecsys_Inc.,N/A,year
Tecture,N/A,year
Tek_Industries,N/A,year
TekScape,N/A,year
Teklinks,74,year
Teladoc,83,year
Telaid_Industries,N/A,year
Telamon_Corporation,74,year
Telarix_Inc,72,year
Tele_Inc,N/A,hour
Tele-Optics%2C_Inc,N/A,hour
TeleCommunication_Systems%2C_Inc.,73,year
TeleServices_Direct,N/A,year
Telefonica,N/A,year
Telehealth_Services,N/A,year
Telenetwork_Inc,N/A,hour
Telepacific_Communications,N/A,year
Teleperformance,14,hour
Teleperformance%2C_Usa,14,hour
Telephone_and_Data_Systems,N/A,year
Telephonics_Corporation,95,year
Telerent_Leasing_Corporation,N/A,year
Telesis%2C_Inc.,63,year
Teletech,14,hour
Teletech_Holdings_Inc.,14,hour
Teletrac_Inc.,85,year
Tellabs_Inc.,N/A,year
Telltale_Games,N/A,year
Telnet,N/A,year
Telogis,N/A,year
Telos_Corporation,83,year
Telstrat,N/A,year
Telular_Corporation,N/A,year
Telus_Corporation,N/A,year
Telvista%2C_Inc.,N/A,year
Temenos,78,year
Tempest_Telecom_Solutions,N/A,year
Tempus_Nova,N/A,year
Tenable_Network_Security,98,year
Tencent,N/A,year
Tendril,79,year
Tenmast_Software,N/A,year
Teradata_Corp,116,year
Terma_Software_Labs,N/A,year
Tesinc,N/A,hour
Tessco_Technologies_Incorporated,N/A,year
Test_Company_Corp_Inc,N/A,year
Test%2C_Inc.,89,year
TestOut,N/A,year
Texas_Army_National_Guard,N/A,year
Texas_Legislative_Council,N/A,year
Textura,N/A,year
Thales,99,year
The_ADP_Group,84,year
The_Active_Network%2C_Inc.,59,year
The_Advisory_Board_Company,63,year
The_American_Chemical_Society,91,year
The_Booksource,59,year
The_Brixton_Group,N/A,hour
The_Buxton_Company,N/A,year
The_CBORD_Group%2C_Inc.,76,year
The_CISCO_Companies,N/A,year
The_CSC_Group,N/A,year
The_Centech_Group,N/A,year
The_Center_for_Organizational_Excellence,N/A,year
The_City_of_Las_Vegas_(Nevada),80,year
The_Eastridge_Group,N/A,year
The_Echo_Group,N/A,year
The_Foundry,N/A,year
The_Game_Show_Network,N/A,year
The_Golf_Channel,N/A,year
The_Hudson_Group,96,year
The_IT_Group,57,year
The_Institute_of_Electrical_and_Electronics_Engineers%2C_Inc._(IEEE),70,year
The_Intermedia_Group,N/A,hour
The_Judge_Group,35,hour
The_Kemtah_Group%2C_Inc,N/A,hour
The_Kinetix_Group,73,year
The_Knowland_Group,N/A,year
The_Lampo_Group,73,year
The_Library_Corporation,N/A,year
The_Los_Angeles_Superior_Court,69,year
The_MITRE_Corporation,115,year
The_Marcus_Buckingham_Company,N/A,year
The_Massachusetts_Medical_Society,N/A,year
The_Mathworks%2C_Inc.,116,year
The_Monitor_Group,N/A,year
The_Motley_Fool,87,year
The_Nerdery,98,year
The_Nielsen_Company,81,year
The_Omni_Group,N/A,hour
The_Rainmaker_Group,N/A,year
The_Rand_Group,N/A,year
The_Rubicon_Project,N/A,year
The_SSI_Group,74,year
The_Salem_Group,N/A,year
The_Sedona_Group,N/A,hour
The_Service_Source%2C_Inc,N/A,hour
The_Taunton_Press,N/A,year
The_Toluna_Group,N/A,year
The_Trizetto_Group%2C_Inc.,74,year
The_Ultimate_Software_group%2C_Inc,87,year
The_VGM_Group%2C_Inc,N/A,hour
The_Weather_Channel%2C_Inc.,N/A,year
The_Workplace_Group,N/A,year
The_Worksource,N/A,year
ThePlatform,N/A,year
Theladders%2C_Inc.,71,year
Thermopylae_Sciences_and_Technology,89,year
Think_Finance,N/A,year
Thinking_Phone_Networks,N/A,year
Third_Wave_Systems,N/A,year
Thomas_L._Cardella_%26_Associates,N/A,year
Thomas_Publishing_Company,N/A,year
Thomson_CompuMark,N/A,year
Thomson_Reuters,93,year
Thomson_-_West,90,year
Thoughtworks%2C_Inc.,123,year
Three_Wire_Systems,N/A,year
TiVo_Inc,109,year
Tibco_Software_Inc.,99,year
TicketNetwork.com,N/A,year
Ticketmaster%2C_LLC,110,year
Tideworks_Technology,N/A,year
Tiempo_Development,N/A,year
TierPoint,N/A,year
TigerSpike,N/A,year
Tigerpaw_Software,N/A,year
Tigo,N/A,year
Tilson_Technology_Management,81,year
Time_Timer,N/A,year
Time_Warner_Cable_Company,70,year
Time_Warner_Cable_Media_Sales,N/A,year
Time_Warner_Inc.,99,year
Titan_SEO,N/A,year
Tonic_Design,N/A,year
TopSpot,49,year
Torch_Technologies,89,year
Toshiba,85,year
Tower_Engineering,60,year
Towerstream_Corp,N/A,year
Town_of_Ocean_City,N/A,hour
Trace_Inc.,69,year
Trace3,77,year
Tracfone_Wireless%2C_Inc.,74,year
Trademark_5150,N/A,year
Trading_Technologies_Inc,N/A,year
TransUnion%2C_LLC,101,year
Transaction_Network_Services%2C_Inc,N/A,year
Transcom_International_Inc,N/A,hour
Translations.Com%2C_Inc.,N/A,year
Transperfect_Translations%2C_Ltd,74,year
Transzap,N/A,year
Trapeze_Group,N/A,year
Trapeze_Software_Group,N/A,year
Travelclick%2C_Inc.,57,year
Trax_Technologies,N/A,year
Tremor_Media,N/A,year
Trend_Micro_Incorporated,90,year
Treyarch_Corp,N/A,year
Tri-County_Telephone,N/A,year
Trianz%2C_Inc.,N/A,year
Trident_Technologies,N/A,year
Trifecta_Technologies,N/A,year
Trimble,85,year
Trimble_Navigation_Limited,N/A,year
Trimble_Navigation%2C_Ltd,95,year
Trinet,93,year
Trinity_Technology_Group,N/A,year
Trintech_Group_Plc.,64,year
Trion_World_Network,N/A,year
TripAdvisor%2C_Inc.,105,year
Tripwire%2C_Inc.,100,year
Trisept_Solutions,N/A,year
Tritech_Software_Systems,68,year
Triton_Digital,N/A,year
Trofholz_Technologies,79,year
Trowbridge_%26_Trowbridge,66,year
True_Influence,N/A,year
Trustwave,99,year
Truven_Health_Analytics,83,year
TubeMogul,N/A,year
Tucows%2C_Inc.,66,year
TuneCore,71,year
Turbine%2C_Inc.,N/A,hour
Turning_Technologies%2C_LLC,54,year
TurningPoint_Global_Solutions,N/A,year
Turtle_Rock_Studios,N/A,year
Tw_Telecom_Inc,N/A,year
Twd_%26_Associates,83,year
Twilio,120,year
Twitter,117,year
Tyco_Integrated_Systems,61,year
Tyco_International_Ltd,N/A,year
Tyler_Companies,N/A,year
Tyler_Technologies%2C_Inc.,81,year
Tyler_Technology,76,year
travelport_inc.,91,year
U.S._Air_Force_(USAF),68,year
U.S._Army,67,year
U.S._Army%27s_Civilian_Work_Force,91,year
U.S._CAD%2C_Inc,N/A,year
U.S._Cellular_Corporation,81,year
U.S._Census_Bureau,18,hour
U.S._Customs_and_Border_Protection,90,year
U.S._Department_Of_Agriculture,67,year
U.S._Department_Of_State,100,year
U.S._Department_of_Agriculture,67,year
U.S._Department_of_Defense,85,year
U.S._Department_of_Homeland_Security,88,year
U.S._Department_of_Justice,81,year
U.S._Department_of_State,100,year
U.S._House_of_Representatives,53,year
U.S._Information_Technologies,N/A,year
U.S._Marine_Corps,57,year
U.S._News_%26_World_Report,79,year
UDP,N/A,year
UDT,N/A,year
URAC,N/A,year
US_Tech_Solutions,N/A,hour
USA_Datanet_(USAD),N/A,year
USAN,66,year
USM_Business_Systems,N/A,hour
UST_Global_Inc,97,year
UTG,N/A,year
UTRS,N/A,year
UXC,N/A,year
Uber_Technologies%2C_Inc.,106,year
Ubiquiti_Networks,97,year
Ubisoft_Entertainment_Inc.,75,year
Uievolution,N/A,year
Ultimate,76,year
Ultra_Electronics,84,year
Ultramain_Systems,N/A,year
Undertone_Networks,N/A,year
Underwriters_Laboratories%2C_Inc.,71,year
UniTek_USA,N/A,year
Unicom_Corp,N/A,year
Union_Street_Media,N/A,hour
Union_Telephone_Company,N/A,hour
Unisys_Corporation,86,year
United_States_Air_National_Guard,66,year
United_States_Department_of_Defense,78,year
United_States_Marines_Corp,50,year
United_States_Secret_Service,N/A,year
Unitrends,N/A,year
Universal_Consulting_Services,N/A,year
Universal_E-Business_Solutions,N/A,year
Universal_Service_Administrative_Company,N/A,year
Universal_Services,16,hour
Univision_Communications_Incorporated,58,year
Unlimited_Technology,N/A,year
Uptake,102,year
Uptime_Institute,N/A,year
Urban_Science,72,year
Us_Military,59,year
Usda_-_Nrcs,65,year
Utility%2C_Inc.,64,year
uShip,88,year
VC3%2C_Inc.,60,year
VCE,N/A,year
VCPI,N/A,year
VDart,N/A,year
VENTECH_Solutions,N/A,year
VMC_Consulting_Corporation,N/A,year
VPSI%2C_Inc.,N/A,year
VT_Services,N/A,year
VXI_Global_Solutions,N/A,hour
Vaco,63,year
Valence_Health,N/A,year
ValidaTek,87,year
ValueCentric,57,year
Valuemomentum,87,year
Valve_Corporation,N/A,year
VarData,N/A,hour
VariQ,67,year
Varonis,74,year
Varsity_Tutors,17,hour
Vecna_Technologies%2C_Inc.,N/A,year
Vector_Resources,N/A,hour
Vectrus,81,year
Veeam_Software,84,year
Velir,92,year
Velocitel_Inc.,N/A,year
Velocity_Services_Inc,N/A,hour
Velocity_Technology_Solutions%2C_Inc,N/A,year
Vencore%2C_Inc.,96,year
Vendavo,N/A,year
Ventiv,N/A,year
Venture_Technologies%2C_Inc.,N/A,year
Veracity_Networks,N/A,year
Veredus,N/A,year
VeriStor,N/A,year
Vericom,N/A,year
Verifone%2C_Inc.,104,year
Verigent,N/A,year
Verimatrix,135,year
Verint_Inc.,N/A,year
Verint_Systems_Inc.,87,year
Verisign%2C_Inc.,103,year
Verisk_Analytics,88,year
Veritas_Software_Corp,114,year
Verizon_Business_Inc.,90,year
Verizon_Communications%2C_Inc.,98,year
Verizon_Information_Services,81,year
Verizon_Wireless,79,year
Vermont_Information_Processing,68,year
Verndale,N/A,year
Vero,19,hour
VersionOne,N/A,year
Versus,N/A,year
Vertafore%2C_Inc.,71,year
Vertex%2C_Inc.,78,year
Vertical,N/A,year
Vertical_Alliance,N/A,year
Vertical_Communications,N/A,year
Vesta_Corporation,87,year
ViaWest_Inc.,69,year
Viaero_Wireless,N/A,hour
Viasat%2C_Inc.,96,year
Vibes_Media,78,year
Vicarious_Visions,N/A,year
Videology%2C_Inc.,77,year
Viewpoint_Construction_Software,79,year
VinSolutions,65,year
Virgin,92,year
Virteva,N/A,hour
Virtual_Graffiti,N/A,year
Virtual_Hold_Technology,59,year
Virtusa_Corp.,105,year
Visa%2C_Inc.,121,year
Vision_Critical,N/A,year
Vision_Solutions,N/A,year
Vision_Technologies,N/A,year
Vision33,N/A,year
Visionary_Integration_Professionals%2C_LLC,N/A,year
Visionweb,N/A,year
Vistaprint_Inc,99,year
Vistronix%2C_Inc.,N/A,year
Visual_Concepts%2C_Inc,N/A,year
Visual_Impressions,N/A,year
Vital_Images%2C_Inc.,N/A,year
Vitals,92,year
Vitalyst,N/A,year
Vitech,N/A,year
Vitech_Systems_Group%2C_Inc.,98,year
Vivid_Learning_Systems,N/A,year
Vlink,N/A,year
Vmdo_Architects_P.C.,N/A,year
Vmware%2C_Inc.,122,year
VoIP_Innovations,N/A,year
Vocera,114,year
Vodafone,92,year
VoiceBox_Technologies,100,year
Volaris,N/A,year
Volition,N/A,year
Vology,73,year
Volt_Information_Sciences%2C_Inc.,N/A,year
Volt_Services_Group_%2F_Volt_Information_Sciences%2C_Inc,19,hour
Volusion,54,year
Vonage,104,year
Vox,72,year
Vsoft,N/A,year
Vtech,N/A,year
WGN_TV,N/A,year
WGSN,N/A,year
WMC_Global,N/A,year
WQAD,N/A,year
WTS_Paradigm,N/A,year
WWD,N/A,year
Wachter_Corporation,25,hour
Wand_Corporation,N/A,year
Wargaming.net,67,year
Warner_Bros._Entertainment_Inc.,96,year
Warner_Music_Group,70,year
Watch_Tv_Co.,N/A,hour
WatchMeGrow,N/A,hour
Watchguard_Technologies%2C_Inc,N/A,year
Waterfield_Technologies,N/A,year
Waterford_Institute_Inc.,N/A,year
Wave_Broadband,67,year
Waveguide,N/A,year
Weather_Decision_Technologies,N/A,year
Web.Com_Inc.,67,year
Web_MD,N/A,year
WebLinc%2C_LLC,69,year
WebLink_International,N/A,year
WebMD%2C_LLC,79,year
WebPT,64,year
Webhead,N/A,hour
WebpageFX,43,year
Webroot_Software%2C_Inc.,94,year
Websense%2C_Inc.,85,year
Website_Pipeline,N/A,year
Webtrends_Inc.,92,year
WeddingWire,65,year
Weidenhammer,N/A,year
Weidenhammer_Systems_Corporation,71,year
Welligent,N/A,year
Welocalize,N/A,year
West_Central_Wireless,N/A,hour
West_Corp.,80,year
West_Corporation,66,year
Westcon_Group,70,year
Western_Digital_Corporation,108,year
Western_States_Arts_Federation,N/A,year
Whatcounts%2C_Inc.,96,year
Whidbey_Telecom,N/A,hour
Whitepages.Com%2C_Inc.,91,year
Wi-Tronix,N/A,year
Wicket_Labs_Inc.,N/A,year
Wide_Open_West,85,year
Widen_Enterprises,74,year
Wideopenwest_L.L.C.,N/A,year
Wideorbit_Inc.,129,year
Wikimedia_Foundation,99,year
WillowTree_Apps,88,year
Wimmer_Solutions_Inc.,N/A,year
Wind_River,73,year
Wind_River_Systems%2C_Inc.,N/A,year
Windstream,76,year
Windstream_Communications%2C_Inc.,74,year
Wipro,101,year
Wipro_Technologies_Ltd.,96,year
Wireless_Advocates_LLC,81,year
Wizards_of_The_Coast,91,year
Wnyc_Radio,65,year
WolfNet_Technologies,N/A,year
Wolfgang%27s_Vault,N/A,year
Wolfram_Research%2C_Inc.,52,year
Wolters_Kluwer,89,year
Wolters_Kluwer_Financial_Services,76,year
WoltersKluwer_Health,79,year
Wonderbox_Technologies,68,year
Wonderlic_Incorporated,83,year
Wordstream,N/A,year
Workday%2C_Inc.,124,year
Workforce_Software,85,year
Workiva,91,year
Worksighted,N/A,year
Worksmart,57,year
World_Wide_Technology%2C_Inc.,88,year
WorldAPP,N/A,year
WorldLink,N/A,year
Wyle_Information_Systems_LLC,N/A,year
X_by_2%2C_Inc.,N/A,year
XDimensional_Technologies%2C_Inc,N/A,year
XDuce,N/A,year
XIFIN,N/A,year
XO_Communications%2C_Inc.,76,year
XOS_Technologies%2C_Inc.,N/A,year
XYPRO_Technology,N/A,year
XYTECH_Systems,N/A,year
Xactly,87,year
Xactware_Inc.,83,year
Xavient_Information_Systems,N/A,year
Xcentric,62,year
Xchanging_plc.,N/A,year
Xero_Limited,111,year
Xerox_Corporation,75,year
Xoriant_Corporation,N/A,year
Xpanxion,72,year
Yahoo!_Inc.,118,year
Yapta,135,year
Yardi_Systems%2C_Inc.,71,year
Yash_Technologies_Inc.,89,year
Yashi,N/A,year
Yellow_Pages_Group_Inc,70,year
Yelp!_Inc.,70,year
Yext,95,year
Yodle,78,year
Yodlee_Inc,N/A,year
Yoh_Company,79,year
YouGov,74,year
Youtube,96,year
YuMe,N/A,year
ZEFR,69,year
ZOHO_Corporation,N/A,year
ZVRS,N/A,year
Zayo_Group%2C_LLC.,67,year
Zcorum,N/A,hour
Zebra_Technologies_Corporation,86,year
Zekiah_Technologies,N/A,hour
Zendesk,115,year
Zenefits,112,year
Zenetex,74,year
ZeniMax,76,year
ZeniMax_Online_Studios,74,year
Zenoss,N/A,year
Zensar,85,year
Zeomega,N/A,year
Zetron_Inc.,N/A,year
Ziff_Davis_Enterprise,N/A,year
Ziff_Davis_Media_Inc.,80,year
Zilliant%2C_Inc.,N/A,year
Zillow%2C_Inc.,103,year
Zirmed%2C_Inc.,76,year
Zix_Corporation,63,year
Zmags,N/A,year
Zocdoc%2C_Inc.,98,year
Zoll_Data_Systems,76,year
Zonar_Systems,94,year
Zones_Incorporated,76,year
Zoot_Enterprises,63,year
Zope,N/A,year
ZyXEL_Communications_UK,N/A,year
Zycron_Computer_Services%2C_Inc,N/A,hour
Zynga,112,year
Zywave%2C_Inc.,67,year
